,Name,Dates,Age,Location,Team,Opponent,Game Result,Started,Minutes Played,FG,FGA,FG3,FG3A,FG3Pct,FreeThrows,Free Throw Attempts,Free Throw Percent,Offensive Rebounds,Defensive Rebounds,Total Rebounds,Assists,Steals,Blocks,Turnovers,Personal Fouls,Points,Game Score,Plus Minus
0,Jonas Valanciunas,2012-10-31,20-178,home,TOR,IND,L (-2),1,23:05,6,15,0,0,0.0,0,0,0.0,6,4,10,0,0,1,0,4,12,8.4,-7
1,Jonas Valanciunas,2012-11-03,20-181,away,TOR,BRK,L (-7),1,12:13,1,4,0,0,0.0,0,0,0.0,1,2,3,2,0,2,1,3,2,1.5,+1
2,Jonas Valanciunas,2012-11-04,20-182,home,TOR,MIN,W (+19),1,22:42,2,8,0,0,0.0,0,0,0.0,3,1,4,2,0,1,1,3,4,1.5,+2
3,Jonas Valanciunas,2012-11-06,20-184,away,TOR,OKC,L (-20),1,31:34,6,8,0,0,0.0,6,6,1.000,3,3,6,1,0,0,3,1,18,15.1,-9
4,Jonas Valanciunas,2012-11-07,20-185,away,TOR,DAL,L (-5),1,10:29,2,4,0,0,0.0,0,0,0.0,2,0,2,0,0,0,2,5,4,-0.6,-13
5,Jonas Valanciunas,2012-11-10,20-188,home,TOR,PHI,L (-10),1,20:18,3,6,0,0,0.0,2,2,1.000,3,5,8,1,0,1,0,2,8,9.2,-2
6,Jonas Valanciunas,2012-11-12,20-190,home,TOR,UTA,L (-7),1,16:00,3,3,0,0,0.0,4,4,1.000,1,0,1,1,1,0,1,4,10,8.9,-1
7,Jonas Valanciunas,2012-11-13,20-191,away,TOR,IND,W (+2),1,22:07,4,8,0,0,0.0,1,2,.500,1,7,8,2,2,0,1,2,9,9.0,+4
8,Jonas Valanciunas,2012-11-17,20-195,away,TOR,BOS,L (-18),1,19:20,1,4,0,0,0.0,1,1,1.000,0,2,2,0,0,0,2,6,3,-3.2,-7
9,Jonas Valanciunas,2012-11-18,20-196,home,TOR,ORL,W (+11),1,23:32,2,5,0,0,0.0,2,6,.333,4,3,7,0,1,1,2,3,6,3.9,-1
10,Jonas Valanciunas,2012-11-20,20-198,away,TOR,PHI,L (-8),1,25:09,3,6,0,0,0.0,5,6,.833,3,8,11,3,0,3,1,0,11,15.3,+7
11,Jonas Valanciunas,2012-11-21,20-199,away,TOR,CHA,L (-1),1,34:54,8,11,0,0,0.0,0,0,0.0,2,8,10,2,0,1,1,6,16,14.0,+8
12,Jonas Valanciunas,2012-11-23,20-201,away,TOR,DET,L (-1),1,31:19,3,6,0,0,0.0,3,4,.750,2,4,6,1,0,2,2,4,9,6.7,-7
13,Jonas Valanciunas,2012-11-25,20-203,home,TOR,SAS,L (-5),1,39:26,9,13,0,0,0.0,4,5,.800,0,7,7,3,0,3,3,4,22,17.8,-3
14,Jonas Valanciunas,2012-11-27,20-205,away,TOR,HOU,L (-16),1,31:51,5,10,0,0,0.0,2,3,.667,2,3,5,1,0,1,2,0,12,8.3,-17
15,Jonas Valanciunas,2012-11-28,20-206,away,TOR,MEM,L (-21),1,27:44,1,4,0,0,0.0,0,0,0.0,0,2,2,2,0,3,1,3,2,1.5,-12
16,Jonas Valanciunas,2012-11-30,20-208,home,TOR,PHO,W (+4),1,17:18,4,8,0,0,0.0,0,0,0.0,3,3,6,1,0,1,1,1,8,7.0,-7
17,Jonas Valanciunas,2012-12-03,20-211,away,TOR,DEN,L (-3),1,22:54,3,5,0,0,0.0,1,2,.500,2,2,4,1,2,3,0,4,7,9.5,-18
18,Jonas Valanciunas,2012-12-05,20-213,away,TOR,SAC,L (-7),1,15:46,1,4,0,0,0.0,1,2,.500,2,1,3,0,0,1,1,3,3,0.4,-10
19,Jonas Valanciunas,2012-12-07,20-215,away,TOR,UTA,L (-32),1,19:58,1,2,0,0,0.0,4,4,1.000,2,2,4,0,0,0,2,5,6,3.0,-24
20,Jonas Valanciunas,2012-12-09,20-217,away,TOR,LAC,L (-19),1,18:39,0,2,0,0,0.0,1,2,.500,2,1,3,1,0,0,1,5,1,-1.4,+1
21,Jonas Valanciunas,2012-12-10,20-218,away,TOR,POR,L (-18),1,34:10,4,6,0,0,0.0,0,0,0.0,3,7,10,2,0,3,3,3,8,8.9,-14
22,Jonas Valanciunas,2012-12-12,20-220,home,TOR,BRK,L (-6),1,26:08,6,6,0,0,0.0,3,5,.600,2,2,4,0,0,2,3,3,15,11.6,-8
23,Jonas Valanciunas,2012-12-14,20-222,home,TOR,DAL,W (+21),1,16:12,0,3,0,0,0.0,1,4,.250,2,4,6,1,2,0,0,2,1,2.2,+2
24,Jonas Valanciunas,2012-12-16,20-224,home,TOR,HOU,W (+7),1,13:54,1,2,0,0,0.0,0,0,0.0,0,2,2,1,0,2,1,0,2,2.7,+12
25,Jonas Valanciunas,2012-12-18,20-226,away,TOR,CLE,W (+14),1,18:55,3,6,0,0,0.0,2,4,.500,0,7,7,1,1,0,0,1,8,7.6,-2
26,Jonas Valanciunas,2012-12-19,20-227,home,TOR,DET,W (+6),1,26:42,5,6,0,0,0.0,2,2,1.000,2,3,5,1,0,1,2,4,12,9.9,-3
27,Jonas Valanciunas,2012-12-21,20-229,home,TOR,ORL,W (+3),1,4:29,0,0,0,0,0.0,0,0,0.0,1,0,1,0,0,0,0,0,0,0.7,-2
28,Jonas Valanciunas,2012-12-26,20-234,away,TOR,SAS,L (-20),dnp,dnp,dnp,dnp,dnp,dnp,dnp,dnp,dnp,dnp,dnp,dnp,dnp,dnp,dnp,dnp,dnp,dnp,dnp,dnp,dnp
29,Jonas Valanciunas,2012-12-28,20-236,away,TOR,NOH,W (+7),dnp,dnp,dnp,dnp,dnp,dnp,dnp,dnp,dnp,dnp,dnp,dnp,dnp,dnp,dnp,dnp,dnp,dnp,dnp,dnp,dnp
30,Jonas Valanciunas,2012-12-29,20-237,away,TOR,ORL,W (+35),dnp,dnp,dnp,dnp,dnp,dnp,dnp,dnp,dnp,dnp,dnp,dnp,dnp,dnp,dnp,dnp,dnp,dnp,dnp,dnp,dnp
31,Jonas Valanciunas,2013-01-02,20-241,home,TOR,POR,W (+23),dnp,dnp,dnp,dnp,dnp,dnp,dnp,dnp,dnp,dnp,dnp,dnp,dnp,dnp,dnp,dnp,dnp,dnp,dnp,dnp,dnp
32,Jonas Valanciunas,2013-01-04,20-243,home,TOR,SAC,L (-9),dnp,dnp,dnp,dnp,dnp,dnp,dnp,dnp,dnp,dnp,dnp,dnp,dnp,dnp,dnp,dnp,dnp,dnp,dnp,dnp,dnp
33,Jonas Valanciunas,2013-01-06,20-245,home,TOR,OKC,L (-12),dnp,dnp,dnp,dnp,dnp,dnp,dnp,dnp,dnp,dnp,dnp,dnp,dnp,dnp,dnp,dnp,dnp,dnp,dnp,dnp,dnp
34,Jonas Valanciunas,2013-01-09,20-248,home,TOR,PHI,W (+18),dnp,dnp,dnp,dnp,dnp,dnp,dnp,dnp,dnp,dnp,dnp,dnp,dnp,dnp,dnp,dnp,dnp,dnp,dnp,dnp,dnp
35,Jonas Valanciunas,2013-01-11,20-250,home,TOR,CHA,W (+21),dnp,dnp,dnp,dnp,dnp,dnp,dnp,dnp,dnp,dnp,dnp,dnp,dnp,dnp,dnp,dnp,dnp,dnp,dnp,dnp,dnp
36,Jonas Valanciunas,2013-01-13,20-252,home,TOR,MIL,L (-11),dnp,dnp,dnp,dnp,dnp,dnp,dnp,dnp,dnp,dnp,dnp,dnp,dnp,dnp,dnp,dnp,dnp,dnp,dnp,dnp,dnp
37,Jonas Valanciunas,2013-01-15,20-254,away,TOR,BRK,L (-7),dnp,dnp,dnp,dnp,dnp,dnp,dnp,dnp,dnp,dnp,dnp,dnp,dnp,dnp,dnp,dnp,dnp,dnp,dnp,dnp,dnp
38,Jonas Valanciunas,2013-01-16,20-255,home,TOR,CHI,L (-2),dnp,dnp,dnp,dnp,dnp,dnp,dnp,dnp,dnp,dnp,dnp,dnp,dnp,dnp,dnp,dnp,dnp,dnp,dnp,dnp,dnp
39,Jonas Valanciunas,2013-01-18,20-257,away,TOR,PHI,L (-7),dnp,dnp,dnp,dnp,dnp,dnp,dnp,dnp,dnp,dnp,dnp,dnp,dnp,dnp,dnp,dnp,dnp,dnp,dnp,dnp,dnp
40,Jonas Valanciunas,2013-01-20,20-259,home,TOR,LAL,W (+5),dnp,dnp,dnp,dnp,dnp,dnp,dnp,dnp,dnp,dnp,dnp,dnp,dnp,dnp,dnp,dnp,dnp,dnp,dnp,dnp,dnp
41,Jonas Valanciunas,2013-01-23,20-262,away,TOR,MIA,L (-7),dnp,dnp,dnp,dnp,dnp,dnp,dnp,dnp,dnp,dnp,dnp,dnp,dnp,dnp,dnp,dnp,dnp,dnp,dnp,dnp,dnp
42,Jonas Valanciunas,2013-01-24,20-263,away,TOR,ORL,W (+2),dnp,dnp,dnp,dnp,dnp,dnp,dnp,dnp,dnp,dnp,dnp,dnp,dnp,dnp,dnp,dnp,dnp,dnp,dnp,dnp,dnp
43,Jonas Valanciunas,2013-01-26,20-265,home,TOR,CLE,L (-1),dnp,dnp,dnp,dnp,dnp,dnp,dnp,dnp,dnp,dnp,dnp,dnp,dnp,dnp,dnp,dnp,dnp,dnp,dnp,dnp,dnp
44,Jonas Valanciunas,2013-01-28,20-267,home,TOR,GSW,L (-12),dnp,dnp,dnp,dnp,dnp,dnp,dnp,dnp,dnp,dnp,dnp,dnp,dnp,dnp,dnp,dnp,dnp,dnp,dnp,dnp,dnp
45,Jonas Valanciunas,2013-01-30,20-269,away,TOR,ATL,L (-1),dnp,dnp,dnp,dnp,dnp,dnp,dnp,dnp,dnp,dnp,dnp,dnp,dnp,dnp,dnp,dnp,dnp,dnp,dnp,dnp,dnp
46,Jonas Valanciunas,2013-02-01,20-271,home,TOR,LAC,W (+25),0,12:57,0,1,0,0,0.0,0,0,0.0,1,2,3,0,0,0,2,5,0,-3.4,+14
47,Jonas Valanciunas,2013-02-03,20-273,home,TOR,MIA,L (-15),0,5:17,1,1,0,0,0.0,0,0,0.0,0,1,1,0,0,0,0,2,2,1.2,-3
48,Jonas Valanciunas,2013-02-06,20-276,home,TOR,BOS,L (-4),0,1:58,0,0,0,0,0.0,0,0,0.0,0,0,0,0,0,0,0,0,0,0.0,-3
49,Jonas Valanciunas,2013-02-08,20-278,away,TOR,IND,W (+2),0,26:22,6,10,0,0,0.0,2,2,1.000,5,8,13,0,1,2,1,4,14,15.1,+2
50,Jonas Valanciunas,2013-02-10,20-280,home,TOR,NOH,W (+13),1,34:08,5,8,0,0,0.0,1,2,.500,4,6,10,0,0,2,2,5,11,9.0,+19
51,Jonas Valanciunas,2013-02-12,20-282,home,TOR,DEN,W (+1),1,31:57,1,3,0,0,0.0,6,6,1.000,3,5,8,2,0,2,4,3,8,7.5,+11
52,Jonas Valanciunas,2013-02-13,20-283,away,TOR,NYK,W (+4),1,13:10,0,1,0,0,0.0,0,0,0.0,3,2,5,0,1,1,1,4,0,1.1,+2
53,Jonas Valanciunas,2013-02-19,20-289,away,TOR,WAS,W (+8),1,20:43,2,2,0,0,0.0,3,4,.750,0,8,8,1,0,1,1,3,7,7.6,-4
54,Jonas Valanciunas,2013-02-20,20-290,home,TOR,MEM,L (-6),1,18:21,1,3,0,0,0.0,4,4,1.000,2,4,6,0,0,0,1,3,6,4.7,-9
55,Jonas Valanciunas,2013-02-22,20-292,home,TOR,NYK,W (+2),1,21:00,1,4,0,0,0.0,1,2,.500,3,7,10,0,0,2,1,2,3,4.0,+11
56,Jonas Valanciunas,2013-02-25,20-295,home,TOR,WAS,L (-6),1,17:53,2,4,0,0,0.0,0,0,0.0,0,3,3,0,0,0,0,2,4,2.1,-6
57,Jonas Valanciunas,2013-02-27,20-297,away,TOR,CLE,L (-11),1,24:06,2,4,0,0,0.0,1,2,.500,3,5,8,1,1,3,3,3,5,5.8,+14
58,Jonas Valanciunas,2013-03-01,20-299,home,TOR,IND,L (-12),1,25:46,1,3,0,0,0.0,2,2,1.000,3,6,9,0,0,1,1,3,4,4.7,-5
59,Jonas Valanciunas,2013-03-02,20-300,away,TOR,MIL,L (-8),0,11:04,2,5,0,0,0.0,0,0,0.0,3,2,5,0,0,0,2,1,4,1.6,-4
60,Jonas Valanciunas,2013-03-04,20-302,away,TOR,GSW,L (-7),1,15:59,1,7,0,0,0.0,1,2,.500,2,3,5,0,0,0,0,4,3,-1.2,+9
61,Jonas Valanciunas,2013-03-06,20-304,away,TOR,PHO,W (+27),1,19:58,3,5,0,0,0.0,4,5,.800,0,3,3,0,1,2,2,3,10,7.4,+3
62,Jonas Valanciunas,2013-03-08,20-306,away,TOR,LAL,L (-2),1,16:32,6,8,0,0,0.0,0,0,0.0,2,4,6,0,0,1,1,4,12,9.5,+4
63,Jonas Valanciunas,2013-03-10,20-308,home,TOR,CLE,W (+4),1,32:57,3,7,0,0,0.0,5,5,1.000,0,7,7,1,0,2,0,3,11,10.3,+6
64,Jonas Valanciunas,2013-03-13,20-311,away,TOR,BOS,L (-24),1,34:12,4,7,0,0,0.0,1,2,.500,3,4,7,0,0,0,1,3,9,6.4,-22
65,Jonas Valanciunas,2013-03-15,20-313,home,TOR,CHA,W (+14),1,20:30,5,6,0,0,0.0,0,1,.000,0,6,6,1,0,1,0,4,10,9.0,+2
66,Jonas Valanciunas,2013-03-17,20-315,home,TOR,MIA,L (-17),1,29:27,7,8,0,0,0.0,4,4,1.000,5,2,7,0,0,0,4,2,18,14.5,-8
67,Jonas Valanciunas,2013-03-20,20-318,away,TOR,CHA,L (-6),1,31:19,6,11,0,0,0.0,6,6,1.000,1,7,8,2,2,2,1,5,18,17.3,+6
68,Jonas Valanciunas,2013-03-22,20-320,home,TOR,NYK,L (-5),1,30:44,5,6,0,0,0.0,0,1,.000,1,6,7,1,0,0,3,1,10,7.2,-4
69,Jonas Valanciunas,2013-03-23,20-321,away,TOR,NYK,L (-26),1,30:00,4,4,0,0,0.0,3,3,1.000,3,5,8,0,0,0,3,2,11,9.6,-28
70,Jonas Valanciunas,2013-03-27,20-325,home,TOR,ATL,L (-19),1,31:34,8,11,0,0,0.0,3,4,.750,3,5,8,0,0,1,2,2,19,15.6,-18
71,Jonas Valanciunas,2013-03-29,20-327,away,TOR,DET,W (+17),1,38:57,7,11,0,0,0.0,0,0,0.0,4,9,13,2,0,4,4,5,14,12.8,0
72,Jonas Valanciunas,2013-03-31,20-329,away,TOR,WAS,L (-17),1,36:34,5,9,0,0,0.0,8,10,.800,3,7,10,1,0,2,1,3,18,17.0,-17
73,Jonas Valanciunas,2013-04-01,20-330,home,TOR,DET,L (-10),1,37:11,8,14,0,0,0.0,1,2,.500,3,3,6,0,0,5,2,2,17,13.7,-8
74,Jonas Valanciunas,2013-04-03,20-332,home,TOR,WAS,W (+10),1,40:42,4,7,0,0,0.0,16,18,.889,0,10,10,1,1,2,3,4,24,21.4,+17
75,Jonas Valanciunas,2013-04-05,20-334,away,TOR,MIN,W (+2),1,32:39,2,4,0,0,0.0,8,10,.800,2,2,4,0,0,3,1,4,12,10.7,-1
76,Jonas Valanciunas,2013-04-06,20-335,away,TOR,MIL,L (-17),1,26:08,3,9,0,0,0.0,6,6,1.000,1,2,3,0,0,0,0,5,12,6.2,-1
77,Jonas Valanciunas,2013-04-09,20-338,away,TOR,CHI,W (+3),1,23:17,2,3,0,0,0.0,4,4,1.000,0,3,3,2,1,1,2,5,8,6.7,-1
78,Jonas Valanciunas,2013-04-12,20-341,home,TOR,CHI,W (+9),dnp,dnp,dnp,dnp,dnp,dnp,dnp,dnp,dnp,dnp,dnp,dnp,dnp,dnp,dnp,dnp,dnp,dnp,dnp,dnp,dnp
79,Jonas Valanciunas,2013-04-14,20-343,home,TOR,BRK,W (+6),dnp,dnp,dnp,dnp,dnp,dnp,dnp,dnp,dnp,dnp,dnp,dnp,dnp,dnp,dnp,dnp,dnp,dnp,dnp,dnp,dnp
80,Jonas Valanciunas,2013-04-16,20-345,away,TOR,ATL,W (+17),1,32:49,4,5,0,0,0.0,5,6,.833,1,7,8,0,0,3,4,4,13,10.0,+7
81,Jonas Valanciunas,2013-04-17,20-346,home,TOR,BOS,W (+24),1,28:38,6,10,0,0,0.0,6,8,.750,3,4,7,0,0,3,4,2,18,13.2,+20
82,Jonas Valanciunas,2013-10-30,21-177,home,TOR,BOS,W (+6),1,31:23,4,9,0,0,0.0,0,0,0.0,5,6,11,0,1,2,3,4,8,6.4,+7
83,Jonas Valanciunas,2013-11-01,21-179,away,TOR,ATL,L (-7),1,17:43,2,5,0,0,0.0,0,0,0.0,1,3,4,0,1,2,1,3,4,3.1,-10
84,Jonas Valanciunas,2013-11-02,21-180,away,TOR,MIL,W (+7),1,16:16,3,8,0,0,0.0,1,2,.500,3,3,6,0,0,0,2,3,7,2.0,-1
85,Jonas Valanciunas,2013-11-05,21-183,home,TOR,MIA,L (-9),1,27:10,7,13,0,0,0.0,4,6,.667,4,5,9,0,0,1,0,3,18,14.7,-9
86,Jonas Valanciunas,2013-11-06,21-184,away,TOR,CHA,L (-2),1,27:34,5,8,0,0,0.0,2,2,1.000,3,7,10,1,0,0,1,2,12,11.5,-13
87,Jonas Valanciunas,2013-11-08,21-186,away,TOR,IND,L (-7),1,34:19,2,6,0,0,0.0,0,0,0.0,3,2,5,0,2,2,2,5,4,2.7,+3
88,Jonas Valanciunas,2013-11-09,21-187,home,TOR,UTA,W (+24),1,23:28,6,8,0,0,0.0,2,2,1.000,1,2,3,0,0,1,2,3,14,9.6,+21
89,Jonas Valanciunas,2013-11-11,21-189,away,TOR,HOU,L (-6),1,29:34,4,9,0,0,0.0,2,3,.667,7,6,13,3,0,1,4,6,10,8.0,+12
90,Jonas Valanciunas,2013-11-13,21-191,away,TOR,MEM,W (+16),1,29:41,1,6,0,0,0.0,2,2,1.000,0,7,7,0,0,1,0,4,4,1.4,-3
91,Jonas Valanciunas,2013-11-15,21-193,home,TOR,CHI,L (-16),1,28:15,2,5,0,0,0.0,0,0,0.0,2,6,8,2,0,0,2,4,4,2.3,-11
92,Jonas Valanciunas,2013-11-17,21-195,home,TOR,POR,L (-8),1,35:00,8,11,0,0,0.0,3,3,1.000,3,6,9,0,0,1,3,3,19,14.9,-4
93,Jonas Valanciunas,2013-11-20,21-198,away,TOR,PHI,W (+10),1,21:41,1,4,0,0,0.0,2,2,1.000,1,3,4,2,1,1,1,2,4,4.5,+2
94,Jonas Valanciunas,2013-11-22,21-200,home,TOR,WAS,W (+8),1,36:49,5,14,0,0,0.0,1,2,.500,3,10,13,0,0,1,1,1,11,7.2,-7
95,Jonas Valanciunas,2013-11-26,21-204,home,TOR,BRK,L (-2),1,22:12,3,6,0,0,0.0,1,1,1.000,2,5,7,0,0,0,2,1,7,4.5,-5
96,Jonas Valanciunas,2013-11-29,21-207,home,TOR,MIA,L (-7),1,17:55,1,2,0,0,0.0,2,2,1.000,1,2,3,1,1,1,2,1,4,4.3,-16
97,Jonas Valanciunas,2013-12-01,21-209,home,TOR,DEN,L (-14),1,36:42,8,16,0,0,0.0,2,4,.500,8,3,11,0,0,3,1,4,18,15.2,+5
98,Jonas Valanciunas,2013-12-03,21-211,away,TOR,GSW,L (-9),1,26:47,4,7,0,0,0.0,0,0,0.0,0,6,6,0,0,1,3,3,8,3.0,-4
99,Jonas Valanciunas,2013-12-06,21-214,away,TOR,PHO,L (-9),1,28:53,4,10,0,0,0.0,3,4,.750,4,6,10,3,0,0,0,2,11,11.1,-15
100,Jonas Valanciunas,2013-12-08,21-216,away,TOR,LAL,W (+12),1,28:14,2,6,0,0,0.0,1,2,.500,1,5,6,1,0,0,0,3,5,2.9,+9
101,Jonas Valanciunas,2013-12-10,21-218,home,TOR,SAS,L (-13),1,28:13,6,8,0,0,0.0,2,2,1.000,2,2,4,2,0,0,4,3,14,9.0,-10
102,Jonas Valanciunas,2013-12-13,21-221,home,TOR,PHI,W (+8),1,31:49,3,10,0,0,0.0,6,6,1.000,4,9,13,1,1,1,4,3,12,8.9,-7
103,Jonas Valanciunas,2013-12-14,21-222,away,TOR,CHI,W (+22),1,30:44,6,11,0,0,0.0,3,4,.750,2,9,11,1,1,4,1,4,15,15.3,+14
104,Jonas Valanciunas,2013-12-18,21-226,home,TOR,CHA,L (-2),1,22:41,5,9,0,0,0.0,0,0,0.0,2,4,6,0,0,0,2,4,10,4.7,-2
105,Jonas Valanciunas,2013-12-20,21-228,away,TOR,DAL,W (+1),1,34:49,8,13,0,0,0.0,2,2,1.000,4,9,13,0,1,1,1,1,18,17.9,-1
106,Jonas Valanciunas,2013-12-22,21-230,away,TOR,OKC,W (+6),1,35:27,6,10,0,0,0.0,1,2,.500,2,4,6,0,0,2,1,2,13,10.2,+3
107,Jonas Valanciunas,2013-12-23,21-231,away,TOR,SAS,L (-13),1,27:01,5,9,0,0,0.0,0,1,.000,3,6,9,2,0,3,1,2,10,10.9,-12
108,Jonas Valanciunas,2013-12-27,21-235,away,TOR,NYK,W (+12),1,36:16,7,11,0,0,0.0,2,4,.500,7,11,18,0,0,1,4,4,16,13.6,+10
109,Jonas Valanciunas,2013-12-28,21-236,home,TOR,NYK,W (+15),1,26:36,1,4,0,0,0.0,7,8,.875,4,6,10,1,0,0,3,5,9,6.5,+18
110,Jonas Valanciunas,2013-12-31,21-239,away,TOR,CHI,W (+6),1,37:58,5,10,0,0,0.0,5,6,.833,2,8,10,1,2,2,2,5,15,13.5,+8
111,Jonas Valanciunas,2014-01-01,21-240,home,TOR,IND,W (+13),1,31:23,5,10,0,0,0.0,3,4,.750,4,5,9,2,1,1,1,4,13,12.4,+12
112,Jonas Valanciunas,2014-01-03,21-242,away,TOR,WAS,W (+13),1,29:08,3,5,0,0,0.0,1,2,.500,4,3,7,0,0,0,2,5,7,4.0,+9
113,Jonas Valanciunas,2014-01-05,21-244,away,TOR,MIA,L (-5),1,34:56,7,8,0,0,0.0,3,4,.750,1,4,5,0,0,1,2,2,17,13.6,+2
114,Jonas Valanciunas,2014-01-07,21-246,away,TOR,IND,L (-7),1,32:07,1,6,0,1,.000,2,2,1.000,2,6,8,0,1,1,4,5,4,-0.9,-13
115,Jonas Valanciunas,2014-01-08,21-247,home,TOR,DET,W (+21),1,26:27,7,9,0,0,0.0,2,2,1.000,2,9,11,2,0,2,2,5,16,15.4,+7
116,Jonas Valanciunas,2014-01-11,21-250,home,TOR,BRK,W (+16),1,21:34,2,9,0,0,0.0,4,6,.667,3,6,9,0,0,1,0,1,8,5.9,-22
117,Jonas Valanciunas,2014-01-13,21-252,home,TOR,MIL,W (+22),1,31:44,5,10,0,0,0.0,7,10,.700,4,6,10,0,0,1,4,3,17,10.9,+23
118,Jonas Valanciunas,2014-01-15,21-254,away,TOR,BOS,L (-5),1,23:18,1,7,0,0,0.0,3,4,.750,4,4,8,1,0,0,1,3,5,2.6,+7
119,Jonas Valanciunas,2014-01-17,21-256,home,TOR,MIN,W (+5),1,23:00,2,6,0,0,0.0,0,0,0.0,4,7,11,3,1,0,2,3,4,5.4,+18
120,Jonas Valanciunas,2014-01-19,21-258,home,TOR,LAL,L (-6),1,14:05,2,3,0,0,0.0,0,0,0.0,2,5,7,2,0,0,2,3,4,3.8,-3
121,Jonas Valanciunas,2014-01-20,21-259,away,TOR,CHA,L (-5),1,18:26,1,5,0,0,0.0,0,0,0.0,2,4,6,0,0,1,0,2,2,1.4,-18
122,Jonas Valanciunas,2014-01-22,21-261,home,TOR,DAL,W (+8),1,25:40,3,6,0,0,0.0,6,8,.750,2,8,10,0,0,0,4,3,12,6.8,+2
123,Jonas Valanciunas,2014-01-24,21-263,away,TOR,PHI,W (+9),1,19:54,3,5,0,0,0.0,0,0,0.0,2,4,6,0,0,1,3,2,6,3.2,+2
124,Jonas Valanciunas,2014-01-25,21-264,home,TOR,LAC,L (-8),1,34:18,5,9,0,0,0.0,7,8,.875,4,8,12,1,0,0,2,3,17,15.0,-4
125,Jonas Valanciunas,2014-01-27,21-266,away,TOR,BRK,W (+1),1,31:44,9,14,0,0,0.0,2,2,1.000,4,9,13,1,0,0,0,3,20,18.8,-2
126,Jonas Valanciunas,2014-01-29,21-268,home,TOR,ORL,W (+15),1,31:45,6,11,0,0,0.0,2,2,1.000,5,10,15,0,0,1,1,3,14,13.7,+14
127,Jonas Valanciunas,2014-01-31,21-270,away,TOR,DEN,W (+10),1,28:41,4,10,0,0,0.0,5,6,.833,1,7,8,0,0,0,1,2,13,8.2,+4
128,Jonas Valanciunas,2014-02-01,21-271,away,TOR,POR,L (-3),1,30:53,8,11,0,0,0.0,2,5,.400,2,3,5,0,0,0,1,5,18,11.6,-16
129,Jonas Valanciunas,2014-02-03,21-273,away,TOR,UTA,W (+15),1,31:44,8,14,0,0,0.0,2,2,1.000,4,5,9,1,0,1,1,3,18,14.9,+19
130,Jonas Valanciunas,2014-02-05,21-275,away,TOR,SAC,L (-8),1,20:44,5,8,0,0,0.0,2,4,.500,3,8,11,0,0,3,2,5,12,10.2,-4
131,Jonas Valanciunas,2014-02-07,21-277,away,TOR,LAC,L (-13),1,23:24,4,7,0,0,0.0,3,9,.333,3,10,13,2,0,0,3,4,11,7.2,-14
132,Jonas Valanciunas,2014-02-10,21-280,home,TOR,NOP,W (+7),1,29:58,3,7,0,0,0.0,3,4,.750,1,7,8,0,0,1,1,5,9,5.4,+17
133,Jonas Valanciunas,2014-02-12,21-282,home,TOR,ATL,W (+21),1,23:53,1,9,0,0,0.0,0,0,0.0,5,9,14,0,0,1,1,3,2,0.8,+5
134,Jonas Valanciunas,2014-02-18,21-288,away,TOR,WAS,W (+10),1,17:42,5,7,0,0,0.0,0,0,0.0,1,3,4,0,0,0,1,1,10,7.3,-7
135,Jonas Valanciunas,2014-02-19,21-289,home,TOR,CHI,L (-2),1,21:55,1,3,0,0,0.0,0,0,0.0,0,2,2,0,0,1,0,1,2,1.2,-13
136,Jonas Valanciunas,2014-02-21,21-291,home,TOR,CLE,W (+7),1,28:45,8,12,0,0,0.0,2,3,.667,4,4,8,1,0,2,1,4,18,15.9,+12
137,Jonas Valanciunas,2014-02-23,21-293,home,TOR,ORL,W (+15),1,27:57,1,2,0,0,0.0,5,7,.714,3,6,9,1,0,0,6,5,7,1.8,+11
138,Jonas Valanciunas,2014-02-25,21-295,away,TOR,CLE,W (+6),1,17:25,1,2,0,0,0.0,0,0,0.0,2,4,6,0,0,1,1,1,2,2.9,-10
139,Jonas Valanciunas,2014-02-27,21-297,home,TOR,WAS,L (-5),1,29:01,3,9,0,0,0.0,1,1,1.000,1,9,10,1,0,0,2,3,7,2.8,-14
140,Jonas Valanciunas,2014-03-02,21-300,home,TOR,GSW,W (+6),1,23:07,5,6,0,0,0.0,0,0,0.0,1,4,5,1,1,1,3,3,10,7.9,-2
141,Jonas Valanciunas,2014-03-07,21-305,home,TOR,SAC,W (+12),1,25:48,7,9,0,0,0.0,0,2,.000,1,4,5,0,0,0,0,5,14,9.6,+5
142,Jonas Valanciunas,2014-03-09,21-307,away,TOR,MIN,W (+7),1,24:18,2,4,0,0,0.0,0,0,0.0,4,5,9,1,0,2,2,3,4,5.2,+3
143,Jonas Valanciunas,2014-03-10,21-308,away,TOR,BRK,L (-4),1,22:05,2,3,0,0,0.0,2,3,.667,3,3,6,0,0,2,1,3,6,6.5,-12
144,Jonas Valanciunas,2014-03-12,21-310,home,TOR,DET,W (+14),1,25:20,3,8,0,0,0.0,2,2,1.000,4,9,13,1,0,2,2,5,8,7.2,+19
145,Jonas Valanciunas,2014-03-14,21-312,home,TOR,MEM,W (+13),1,35:51,11,15,0,0,0.0,1,2,.500,2,7,9,0,1,0,2,1,23,18.6,+16
146,Jonas Valanciunas,2014-03-16,21-314,home,TOR,PHO,L (-8),1,32:08,7,11,0,0,0.0,1,1,1.000,0,5,5,1,2,1,1,4,15,12.4,-2
147,Jonas Valanciunas,2014-03-18,21-316,away,TOR,ATL,L (-5),1,20:25,5,7,0,0,0.0,6,7,.857,2,3,5,1,0,0,0,3,16,14.5,+11
148,Jonas Valanciunas,2014-03-19,21-317,away,TOR,NOP,W (+7),dnp,dnp,dnp,dnp,dnp,dnp,dnp,dnp,dnp,dnp,dnp,dnp,dnp,dnp,dnp,dnp,dnp,dnp,dnp,dnp,dnp
149,Jonas Valanciunas,2014-03-21,21-319,home,TOR,OKC,L (-1),1,45:24,3,11,0,0,0.0,2,2,1.000,3,10,13,1,0,0,2,4,8,3.7,-5
150,Jonas Valanciunas,2014-03-23,21-321,home,TOR,ATL,W (+10),1,33:08,2,4,0,0,0.0,9,10,.900,4,9,13,0,0,1,2,4,13,13.2,+14
151,Jonas Valanciunas,2014-03-25,21-323,away,TOR,CLE,L (-2),1,17:52,2,6,0,0,0.0,0,0,0.0,2,1,3,0,0,0,0,2,4,1.5,-27
152,Jonas Valanciunas,2014-03-26,21-324,away,TOR,BOS,W (+9),1,35:02,7,12,0,0,0.0,1,1,1.000,3,11,14,2,0,0,3,2,15,12.4,+14
153,Jonas Valanciunas,2014-03-28,21-326,home,TOR,BOS,W (+2),1,34:34,3,6,0,0,0.0,7,8,.875,3,5,8,2,1,2,0,2,13,16.2,+9
154,Jonas Valanciunas,2014-03-30,21-328,away,TOR,ORL,W (+5),1,36:38,6,8,0,0,0.0,8,8,1.000,3,6,9,0,1,1,1,2,20,20.6,+1
155,Jonas Valanciunas,2014-03-31,21-329,away,TOR,MIA,L (-10),1,32:29,7,9,0,0,0.0,0,0,0.0,2,8,10,0,1,0,2,4,14,11.7,-6
156,Jonas Valanciunas,2014-04-02,21-331,home,TOR,HOU,W (+4),1,29:59,4,7,0,0,0.0,7,9,.778,1,5,6,1,1,1,1,3,15,13.3,+12
157,Jonas Valanciunas,2014-04-04,21-333,home,TOR,IND,W (+8),1,33:42,10,14,0,0,0.0,2,3,.667,3,6,9,0,0,1,3,3,22,16.2,+11
158,Jonas Valanciunas,2014-04-05,21-334,away,TOR,MIL,W (+4),1,34:04,7,11,0,0,0.0,3,5,.600,5,8,13,3,0,1,2,3,17,16.8,+10
159,Jonas Valanciunas,2014-04-09,21-338,home,TOR,PHI,W (+11),1,36:56,10,14,0,0,0.0,6,8,.750,3,9,12,1,0,2,1,2,26,24.5,+14
160,Jonas Valanciunas,2014-04-11,21-340,home,TOR,NYK,L (-8),1,37:28,5,14,0,0,0.0,4,7,.571,8,13,21,0,1,1,1,2,14,14.4,+5
161,Jonas Valanciunas,2014-04-13,21-342,away,TOR,DET,W (+9),1,29:50,5,12,0,0,0.0,8,9,.889,2,6,8,1,1,0,0,2,18,15.3,+9
162,Jonas Valanciunas,2014-04-14,21-343,home,TOR,MIL,W (+10),1,27:42,4,7,0,0,0.0,6,6,1.000,3,10,13,1,0,0,2,3,14,13.3,+4
163,Jonas Valanciunas,2014-04-16,21-345,away,TOR,NYK,L (-3),1,15:42,4,6,0,0,0.0,0,0,0.0,1,5,6,1,0,1,1,2,8,7.2,-7
164,Jonas Valanciunas,2014-10-29,22-176,home,TOR,ATL,W (+7),1,20:40,4,5,0,0,0.0,9,10,.900,3,5,8,0,0,1,1,3,17,16.8,+3
165,Jonas Valanciunas,2014-11-01,22-179,away,TOR,ORL,W (+13),1,25:11,2,8,0,0,0.0,6,8,.750,3,8,11,1,0,2,2,3,10,7.8,+18
166,Jonas Valanciunas,2014-11-02,22-180,away,TOR,MIA,L (-5),1,28:39,6,12,0,0,0.0,2,2,1.000,3,5,8,2,0,2,0,4,14,12.8,-11
167,Jonas Valanciunas,2014-11-04,22-182,home,TOR,OKC,W (+12),1,12:49,2,5,0,0,0.0,2,2,1.000,2,0,2,1,0,1,0,2,6,5.3,-6
168,Jonas Valanciunas,2014-11-05,22-183,away,TOR,BOS,W (+3),dnp,dnp,dnp,dnp,dnp,dnp,dnp,dnp,dnp,dnp,dnp,dnp,dnp,dnp,dnp,dnp,dnp,dnp,dnp,dnp,dnp
169,Jonas Valanciunas,2014-11-07,22-185,home,TOR,WAS,W (+19),1,28:36,3,5,0,0,0.0,3,5,.600,1,8,9,0,0,1,0,3,9,8.5,+19
170,Jonas Valanciunas,2014-11-09,22-187,home,TOR,PHI,W (+32),1,23:01,4,6,0,0,0.0,4,4,1.000,1,4,5,0,1,2,5,3,12,7.5,+11
171,Jonas Valanciunas,2014-11-11,22-189,home,TOR,ORL,W (+4),1,20:27,1,5,0,0,0.0,2,4,.500,4,3,7,1,0,0,3,1,4,1.1,-10
172,Jonas Valanciunas,2014-11-13,22-191,home,TOR,CHI,L (-7),1,22:59,4,8,0,0,0.0,0,0,0.0,4,4,8,2,0,1,2,3,8,6.9,-11
173,Jonas Valanciunas,2014-11-15,22-193,home,TOR,UTA,W (+18),1,34:06,7,12,0,0,0.0,3,6,.500,3,11,14,0,0,2,0,3,17,15.8,+20
174,Jonas Valanciunas,2014-11-19,22-197,home,TOR,MEM,W (+4),1,22:11,4,7,0,0,0.0,2,2,1.000,1,4,5,0,0,2,2,3,10,6.8,-12
175,Jonas Valanciunas,2014-11-21,22-199,home,TOR,MIL,W (+42),1,20:59,6,7,0,0,0.0,6,6,1.000,4,8,12,0,1,0,1,4,18,19.1,+20
176,Jonas Valanciunas,2014-11-22,22-200,away,TOR,CLE,W (+17),1,26:22,4,5,0,0,0.0,0,0,0.0,1,4,5,0,0,2,1,5,8,6.4,0
177,Jonas Valanciunas,2014-11-24,22-202,home,TOR,PHO,W (+4),1,32:28,10,11,0,0,0.0,7,8,.875,4,7,11,0,0,1,2,1,27,26.1,+10
178,Jonas Valanciunas,2014-11-26,22-204,away,TOR,ATL,W (+11),1,23:36,4,8,0,0,0.0,3,4,.750,2,5,7,0,0,1,1,2,11,8.4,-1
179,Jonas Valanciunas,2014-11-28,22-206,home,TOR,DAL,L (-4),1,28:21,2,5,0,0,0.0,4,4,1.000,1,12,13,0,1,0,0,1,8,10.2,-16
180,Jonas Valanciunas,2014-11-30,22-208,away,TOR,LAL,L (-7),1,33:21,4,10,0,0,0.0,1,2,.500,2,11,13,1,0,3,1,1,9,9.3,-7
181,Jonas Valanciunas,2014-12-02,22-210,away,TOR,SAC,W (+8),1,33:16,3,6,0,0,0.0,9,10,.900,1,7,8,1,1,0,2,2,15,13.3,+13
182,Jonas Valanciunas,2014-12-03,22-211,away,TOR,UTA,W (+19),1,33:15,4,9,0,0,0.0,1,2,.500,0,6,6,1,0,1,0,2,9,6.3,-4
183,Jonas Valanciunas,2014-12-05,22-213,home,TOR,CLE,L (-14),1,20:27,3,7,0,0,0.0,1,2,.500,0,2,2,0,0,2,0,3,7,3.7,-11
184,Jonas Valanciunas,2014-12-08,22-216,home,TOR,DEN,W (+5),1,31:19,8,11,0,0,0.0,2,3,.667,2,10,12,0,0,4,2,5,18,16.3,-6
185,Jonas Valanciunas,2014-12-09,22-217,away,TOR,CLE,L (-4),1,36:30,6,7,0,0,0.0,6,6,1.000,5,10,15,0,0,0,3,2,18,18.2,-5
186,Jonas Valanciunas,2014-12-12,22-220,home,TOR,IND,W (+12),1,27:11,3,12,0,0,0.0,4,4,1.000,6,8,14,0,1,0,1,3,10,8.2,+5
187,Jonas Valanciunas,2014-12-14,22-222,away,TOR,NYK,W (+5),1,33:26,3,6,0,0,0.0,2,4,.500,3,10,13,0,1,0,2,3,8,7.1,-3
188,Jonas Valanciunas,2014-12-15,22-223,home,TOR,ORL,W (+13),1,22:39,2,6,0,0,0.0,2,2,1.000,2,6,8,0,0,1,1,1,6,5.1,+2
189,Jonas Valanciunas,2014-12-17,22-225,home,TOR,BRK,W (+16),1,27:30,6,7,0,0,0.0,4,4,1.000,3,7,10,1,0,1,2,0,16,17.1,+8
190,Jonas Valanciunas,2014-12-19,22-227,away,TOR,DET,W (+10),1,27:04,6,11,0,0,0.0,5,10,.500,2,5,7,0,0,2,1,2,17,12.2,+5
191,Jonas Valanciunas,2014-12-21,22-229,home,TOR,NYK,W (+10),1,22:00,2,6,0,0,0.0,6,6,1.000,2,4,6,1,0,0,0,3,10,8.7,+9
192,Jonas Valanciunas,2014-12-22,22-230,away,TOR,CHI,L (-9),1,32:55,8,18,0,0,0.0,4,6,.667,4,5,9,0,0,0,0,4,20,12.5,-12
193,Jonas Valanciunas,2014-12-27,22-235,away,TOR,LAC,W (+12),1,34:17,8,13,0,0,0.0,6,8,.750,5,6,11,1,0,0,0,1,22,20.9,+11
194,Jonas Valanciunas,2014-12-28,22-236,away,TOR,DEN,W (+14),1,17:14,2,5,0,0,0.0,3,4,.750,3,3,6,0,1,0,0,3,7,6.7,-15
195,Jonas Valanciunas,2014-12-30,22-238,away,TOR,POR,L (-5),1,30:03,7,15,0,0,0.0,0,0,0.0,4,4,8,1,2,0,0,1,14,12.6,-4
196,Jonas Valanciunas,2015-01-02,22-241,away,TOR,GSW,L (-21),1,10:39,3,5,0,0,0.0,2,2,1.000,0,0,0,1,0,0,2,1,8,4.0,-14
197,Jonas Valanciunas,2015-01-04,22-243,away,TOR,PHO,L (-16),1,32:47,9,14,0,0,0.0,3,4,.750,3,7,10,1,0,0,3,1,21,15.9,-12
198,Jonas Valanciunas,2015-01-08,22-247,home,TOR,CHO,L (-8),1,21:34,3,9,0,0,0.0,4,4,1.000,1,5,6,0,0,0,1,1,10,5.7,-16
199,Jonas Valanciunas,2015-01-10,22-249,home,TOR,BOS,W (+13),1,26:17,7,11,0,0,0.0,1,1,1.000,3,4,7,2,0,3,1,3,15,14.7,+9
200,Jonas Valanciunas,2015-01-12,22-251,home,TOR,DET,L (-3),1,35:36,14,15,0,0,0.0,3,4,.750,4,8,12,0,0,1,2,4,31,28.0,-14
201,Jonas Valanciunas,2015-01-14,22-253,home,TOR,PHI,W (+16),1,20:37,4,8,0,0,0.0,4,6,.667,1,6,7,0,1,0,2,5,12,6.7,+4
202,Jonas Valanciunas,2015-01-16,22-255,home,TOR,ATL,L (-21),1,23:29,1,4,0,0,0.0,2,2,1.000,4,2,6,0,0,0,1,0,4,4.0,-17
203,Jonas Valanciunas,2015-01-18,22-257,home,TOR,NOP,L (-2),1,27:58,2,5,0,0,0.0,2,2,1.000,1,6,7,0,1,2,3,3,6,4.0,-4
204,Jonas Valanciunas,2015-01-19,22-258,away,TOR,MIL,W (+3),1,18:52,5,8,0,0,0.0,1,1,1.000,6,7,13,0,1,1,5,2,11,9.6,+1
205,Jonas Valanciunas,2015-01-21,22-260,away,TOR,MEM,L (-6),1,28:37,4,8,0,0,0.0,4,4,1.000,4,6,10,0,1,1,1,4,12,11.7,-9
206,Jonas Valanciunas,2015-01-23,22-262,away,TOR,PHI,W (+5),1,25:43,3,5,0,0,0.0,5,7,.714,0,3,3,0,2,3,1,4,11,10.3,+1
207,Jonas Valanciunas,2015-01-25,22-264,home,TOR,DET,W (+4),1,28:12,9,15,0,0,0.0,2,2,1.000,3,8,11,0,0,3,0,4,20,18.1,+11
208,Jonas Valanciunas,2015-01-27,22-266,away,TOR,IND,W (+13),1,27:00,1,2,0,0,0.0,4,4,1.000,1,7,8,0,0,1,1,5,6,5.5,+2
209,Jonas Valanciunas,2015-01-28,22-267,home,TOR,SAC,W (+17),1,25:31,6,10,0,0,0.0,3,3,1.000,4,5,9,0,1,2,3,3,15,12.9,+11
210,Jonas Valanciunas,2015-01-30,22-269,away,TOR,BRK,W (+5),1,32:51,7,7,0,0,0.0,0,0,0.0,3,8,11,0,0,2,0,1,14,17.4,+12
211,Jonas Valanciunas,2015-01-31,22-270,away,TOR,WAS,W (+4),1,17:10,3,6,0,0,0.0,0,0,0.0,0,2,2,1,1,3,0,6,6,5.0,-17
212,Jonas Valanciunas,2015-02-02,22-272,home,TOR,MIL,L (-7),1,25:19,6,9,0,0,0.0,0,0,0.0,6,7,13,0,0,1,1,2,12,13.3,-9
213,Jonas Valanciunas,2015-02-04,22-274,home,TOR,BRK,L (-16),1,33:34,3,5,0,0,0.0,3,5,.600,3,7,10,1,0,2,1,1,9,10.8,-9
214,Jonas Valanciunas,2015-02-06,22-276,home,TOR,LAC,W (+16),1,19:37,2,4,0,0,0.0,0,0,0.0,2,4,6,0,0,1,3,2,4,1.5,-1
215,Jonas Valanciunas,2015-02-08,22-278,home,TOR,SAS,W (+5),1,33:44,3,7,0,0,0.0,2,2,1.000,3,13,16,0,1,4,1,1,8,12.7,+14
216,Jonas Valanciunas,2015-02-11,22-281,home,TOR,WAS,W (+2),1,15:34,3,5,0,0,0.0,0,0,0.0,2,3,5,0,0,0,3,0,6,3.0,-2
217,Jonas Valanciunas,2015-02-20,22-290,away,TOR,ATL,W (+25),1,24:37,4,13,0,0,0.0,0,0,0.0,8,5,13,1,0,2,1,3,8,7.5,+15
218,Jonas Valanciunas,2015-02-21,22-291,away,TOR,HOU,L (-22),1,25:19,3,5,0,0,0.0,5,5,1.000,2,5,7,0,3,0,1,3,11,12.4,0
219,Jonas Valanciunas,2015-02-23,22-293,away,TOR,NOP,L (-3),1,35:59,5,10,0,0,0.0,7,10,.700,5,9,14,1,1,1,1,3,17,17.2,+10
220,Jonas Valanciunas,2015-02-24,22-294,away,TOR,DAL,L (-7),1,25:33,5,7,0,0,0.0,0,0,0.0,1,8,9,1,1,0,2,4,10,8.3,-9
221,Jonas Valanciunas,2015-02-27,22-297,home,TOR,GSW,L (-24),1,27:04,2,4,0,0,0.0,3,6,.500,4,8,12,0,1,0,3,0,7,7.0,-10
222,Jonas Valanciunas,2015-02-28,22-298,away,TOR,NYK,L (-5),1,27:30,6,8,0,0,0.0,4,6,.667,1,7,8,0,1,0,0,6,16,13.4,-6
223,Jonas Valanciunas,2015-03-02,22-300,away,TOR,PHI,W (+11),1,23:29,1,2,0,0,0.0,3,4,.750,2,3,5,0,0,1,3,4,5,2.0,+12
224,Jonas Valanciunas,2015-03-04,22-302,home,TOR,CLE,L (-8),1,30:48,12,17,0,0,0.0,2,2,1.000,4,7,11,1,0,2,1,3,26,23.7,-2
225,Jonas Valanciunas,2015-03-06,22-304,away,TOR,CHO,L (-9),1,22:30,2,3,0,0,0.0,5,5,1.000,2,4,6,0,0,2,0,1,9,11.3,+6
226,Jonas Valanciunas,2015-03-08,22-306,away,TOR,OKC,L (-4),1,30:09,4,11,0,0,0.0,2,2,1.000,4,1,5,0,1,1,2,4,10,5.1,-2
227,Jonas Valanciunas,2015-03-10,22-308,away,TOR,SAS,L (-10),1,21:28,4,6,0,0,0.0,1,2,.500,3,3,6,0,0,1,2,4,9,6.1,-19
228,Jonas Valanciunas,2015-03-13,22-311,home,TOR,MIA,W (+10),dnp,dnp,dnp,dnp,dnp,dnp,dnp,dnp,dnp,dnp,dnp,dnp,dnp,dnp,dnp,dnp,dnp,dnp,dnp,dnp,dnp
229,Jonas Valanciunas,2015-03-15,22-313,home,TOR,POR,L (-16),1,22:08,7,7,0,0,0.0,0,0,0.0,3,6,9,1,0,1,1,2,14,15.4,-16
230,Jonas Valanciunas,2015-03-16,22-314,away,TOR,IND,W (+19),1,25:54,7,10,0,0,0.0,0,1,.000,5,7,12,0,0,2,0,2,14,15.6,+8
231,Jonas Valanciunas,2015-03-18,22-316,home,TOR,MIN,W (+5),1,23:30,7,9,0,0,0.0,1,2,.500,4,11,15,1,0,1,2,3,15,15.4,+15
232,Jonas Valanciunas,2015-03-20,22-318,away,TOR,CHI,L (-16),1,24:20,0,1,0,0,0.0,5,6,.833,1,5,6,0,1,1,1,3,5,5.6,-12
233,Jonas Valanciunas,2015-03-22,22-320,home,TOR,NYK,W (+17),1,27:09,6,12,0,0,0.0,5,5,1.000,1,9,10,2,0,1,2,4,17,12.9,+12
234,Jonas Valanciunas,2015-03-24,22-322,away,TOR,DET,L (-4),1,29:39,5,12,0,0,0.0,2,2,1.000,4,4,8,2,0,3,2,4,12,9.5,-9
235,Jonas Valanciunas,2015-03-25,22-323,home,TOR,CHI,L (-13),1,31:08,4,9,0,0,0.0,0,0,0.0,4,8,12,2,2,0,1,3,8,9.7,+3
236,Jonas Valanciunas,2015-03-27,22-325,home,TOR,LAL,W (+11),1,27:09,8,12,0,0,0.0,3,4,.750,2,5,7,0,0,1,2,3,19,13.8,+2
237,Jonas Valanciunas,2015-03-30,22-328,home,TOR,HOU,W (+3),1,28:26,5,9,0,0,0.0,5,5,1.000,3,6,9,1,1,5,1,5,15,16.8,+6
238,Jonas Valanciunas,2015-04-01,22-330,away,TOR,MIN,W (+14),1,18:47,7,9,0,0,0.0,1,2,.500,1,3,4,1,0,1,0,3,15,12.9,-3
239,Jonas Valanciunas,2015-04-03,22-332,away,TOR,BRK,L (-5),1,35:51,9,13,0,1,.000,3,5,.600,4,5,9,0,1,1,1,3,21,18.5,-6
240,Jonas Valanciunas,2015-04-04,22-333,home,TOR,BOS,L (-1),1,32:40,5,12,0,0,0.0,2,3,.667,2,12,14,2,0,1,1,4,12,9.7,-3
241,Jonas Valanciunas,2015-04-08,22-337,away,TOR,CHO,W (+18),1,16:52,1,3,0,0,0.0,0,0,0.0,1,7,8,2,1,2,1,4,2,4.3,+11
242,Jonas Valanciunas,2015-04-10,22-339,away,TOR,ORL,W (+2),1,28:00,3,7,0,0,0.0,2,2,1.000,6,7,13,0,0,1,3,2,8,7.5,-3
243,Jonas Valanciunas,2015-04-11,22-340,away,TOR,MIA,W (+3),1,9:52,2,2,0,0,0.0,0,2,.000,1,2,3,0,0,0,1,6,4,0.5,+5
244,Jonas Valanciunas,2015-04-14,22-343,away,TOR,BOS,L (-2),1,29:24,4,8,0,0,0.0,2,4,.500,2,6,8,0,1,2,4,4,10,5.2,-7
245,Jonas Valanciunas,2015-04-15,22-344,home,TOR,CHO,W (+5),1,27:04,9,11,0,0,0.0,0,0,0.0,0,5,5,1,0,0,0,2,18,15.3,+14
246,Jonas Valanciunas,2015-10-28,23-175,home,TOR,IND,W (+7),1,32:17,8,11,0,0,0.0,5,6,.833,1,14,15,0,0,1,2,4,21,18.1,+8
247,Jonas Valanciunas,2015-10-30,23-177,away,TOR,BOS,W (+10),1,23:16,2,6,0,0,0.0,2,2,1.000,1,9,10,2,0,0,2,4,6,3.8,+6
248,Jonas Valanciunas,2015-11-01,23-179,home,TOR,MIL,W (+19),1,28:59,7,12,0,0,0.0,5,8,.625,4,4,8,0,2,0,2,3,19,15.0,+21
249,Jonas Valanciunas,2015-11-03,23-181,away,TOR,DAL,W (+11),1,33:40,6,10,0,0,0.0,4,5,.800,2,6,8,0,0,2,4,3,16,10.4,+16
250,Jonas Valanciunas,2015-11-04,23-182,away,TOR,OKC,W (+5),1,28:41,6,9,0,0,0.0,5,5,1.000,5,6,11,1,0,0,1,5,17,16.1,+6
251,Jonas Valanciunas,2015-11-06,23-184,away,TOR,ORL,L (-5),1,23:02,3,6,0,0,0.0,2,3,.667,4,9,13,0,0,2,0,3,8,10.3,+10
252,Jonas Valanciunas,2015-11-08,23-186,away,TOR,MIA,L (-20),1,28:29,8,12,0,0,0.0,1,2,.500,1,4,5,0,1,0,0,1,17,13.9,-7
253,Jonas Valanciunas,2015-11-10,23-188,home,TOR,NYK,L (-2),1,31:48,6,8,0,0,0.0,4,4,1.000,4,6,10,0,0,0,2,1,16,15.0,-1
254,Jonas Valanciunas,2015-11-11,23-189,away,TOR,PHI,W (+16),1,22:40,4,8,0,0,0.0,3,4,.750,2,10,12,1,0,1,0,2,11,11.6,+19
255,Jonas Valanciunas,2015-11-13,23-191,home,TOR,NOP,W (+19),1,27:46,8,11,0,0,0.0,4,6,.667,6,4,10,0,0,2,4,3,20,16.3,+16
256,Jonas Valanciunas,2015-11-15,23-193,away,TOR,SAC,L (-6),1,20:20,2,9,0,0,0.0,0,0,0.0,3,2,5,0,0,0,0,2,4,0.4,-5
257,Jonas Valanciunas,2015-11-17,23-195,away,TOR,GSW,L (-5),1,31:11,3,9,0,0,0.0,3,4,.750,5,6,11,0,0,0,3,5,9,3.8,-1
258,Jonas Valanciunas,2015-11-18,23-196,away,TOR,UTA,L (-4),1,32:31,5,10,0,0,0.0,1,1,1.000,4,5,9,0,1,2,1,1,11,11.3,-7
259,Jonas Valanciunas,2015-11-20,23-198,away,TOR,LAL,W (+11),1,17:36,1,3,0,0,0.0,1,2,.500,0,3,3,2,0,0,1,0,3,2.2,-5
260,Jonas Valanciunas,2015-11-22,23-200,away,TOR,LAC,W (+11),dnp,dnp,dnp,dnp,dnp,dnp,dnp,dnp,dnp,dnp,dnp,dnp,dnp,dnp,dnp,dnp,dnp,dnp,dnp,dnp,dnp
261,Jonas Valanciunas,2015-11-25,23-203,home,TOR,CLE,W (+4),dnp,dnp,dnp,dnp,dnp,dnp,dnp,dnp,dnp,dnp,dnp,dnp,dnp,dnp,dnp,dnp,dnp,dnp,dnp,dnp,dnp
262,Jonas Valanciunas,2015-11-28,23-206,away,TOR,WAS,W (+2),dnp,dnp,dnp,dnp,dnp,dnp,dnp,dnp,dnp,dnp,dnp,dnp,dnp,dnp,dnp,dnp,dnp,dnp,dnp,dnp,dnp
263,Jonas Valanciunas,2015-11-29,23-207,home,TOR,PHO,L (-5),dnp,dnp,dnp,dnp,dnp,dnp,dnp,dnp,dnp,dnp,dnp,dnp,dnp,dnp,dnp,dnp,dnp,dnp,dnp,dnp,dnp
264,Jonas Valanciunas,2015-12-02,23-210,away,TOR,ATL,W (+10),dnp,dnp,dnp,dnp,dnp,dnp,dnp,dnp,dnp,dnp,dnp,dnp,dnp,dnp,dnp,dnp,dnp,dnp,dnp,dnp,dnp
265,Jonas Valanciunas,2015-12-03,23-211,home,TOR,DEN,L (-1),dnp,dnp,dnp,dnp,dnp,dnp,dnp,dnp,dnp,dnp,dnp,dnp,dnp,dnp,dnp,dnp,dnp,dnp,dnp,dnp,dnp
266,Jonas Valanciunas,2015-12-05,23-213,home,TOR,GSW,L (-3),dnp,dnp,dnp,dnp,dnp,dnp,dnp,dnp,dnp,dnp,dnp,dnp,dnp,dnp,dnp,dnp,dnp,dnp,dnp,dnp,dnp
267,Jonas Valanciunas,2015-12-07,23-215,home,TOR,LAL,W (+9),dnp,dnp,dnp,dnp,dnp,dnp,dnp,dnp,dnp,dnp,dnp,dnp,dnp,dnp,dnp,dnp,dnp,dnp,dnp,dnp,dnp
268,Jonas Valanciunas,2015-12-09,23-217,home,TOR,SAS,W (+3),dnp,dnp,dnp,dnp,dnp,dnp,dnp,dnp,dnp,dnp,dnp,dnp,dnp,dnp,dnp,dnp,dnp,dnp,dnp,dnp,dnp
269,Jonas Valanciunas,2015-12-11,23-219,home,TOR,MIL,W (+7),dnp,dnp,dnp,dnp,dnp,dnp,dnp,dnp,dnp,dnp,dnp,dnp,dnp,dnp,dnp,dnp,dnp,dnp,dnp,dnp,dnp
270,Jonas Valanciunas,2015-12-13,23-221,home,TOR,PHI,W (+20),dnp,dnp,dnp,dnp,dnp,dnp,dnp,dnp,dnp,dnp,dnp,dnp,dnp,dnp,dnp,dnp,dnp,dnp,dnp,dnp,dnp
271,Jonas Valanciunas,2015-12-14,23-222,away,TOR,IND,L (-16),dnp,dnp,dnp,dnp,dnp,dnp,dnp,dnp,dnp,dnp,dnp,dnp,dnp,dnp,dnp,dnp,dnp,dnp,dnp,dnp,dnp
272,Jonas Valanciunas,2015-12-17,23-225,away,TOR,CHO,L (-10),dnp,dnp,dnp,dnp,dnp,dnp,dnp,dnp,dnp,dnp,dnp,dnp,dnp,dnp,dnp,dnp,dnp,dnp,dnp,dnp,dnp
273,Jonas Valanciunas,2015-12-18,23-226,away,TOR,MIA,W (+14),dnp,dnp,dnp,dnp,dnp,dnp,dnp,dnp,dnp,dnp,dnp,dnp,dnp,dnp,dnp,dnp,dnp,dnp,dnp,dnp,dnp
274,Jonas Valanciunas,2015-12-20,23-228,home,TOR,SAC,L (-10),dnp,dnp,dnp,dnp,dnp,dnp,dnp,dnp,dnp,dnp,dnp,dnp,dnp,dnp,dnp,dnp,dnp,dnp,dnp,dnp,dnp
275,Jonas Valanciunas,2015-12-22,23-230,home,TOR,DAL,W (+4),dnp,dnp,dnp,dnp,dnp,dnp,dnp,dnp,dnp,dnp,dnp,dnp,dnp,dnp,dnp,dnp,dnp,dnp,dnp,dnp,dnp
276,Jonas Valanciunas,2015-12-26,23-234,away,TOR,MIL,W (+21),dnp,dnp,dnp,dnp,dnp,dnp,dnp,dnp,dnp,dnp,dnp,dnp,dnp,dnp,dnp,dnp,dnp,dnp,dnp,dnp,dnp
277,Jonas Valanciunas,2015-12-28,23-236,away,TOR,CHI,L (-7),0,20:55,4,7,0,0,0.0,1,2,.500,1,3,4,1,0,2,2,2,9,6.2,+5
278,Jonas Valanciunas,2015-12-30,23-238,home,TOR,WAS,W (+3),1,20:53,4,7,0,0,0.0,0,0,0.0,5,4,9,1,0,1,0,3,8,9.6,0
279,Jonas Valanciunas,2016-01-01,23-240,home,TOR,CHO,W (+10),1,24:03,3,9,0,0,0.0,4,5,.800,7,5,12,2,0,0,1,2,10,10.5,+8
280,Jonas Valanciunas,2016-01-03,23-242,home,TOR,CHI,L (-2),1,23:21,3,5,0,0,0.0,2,2,1.000,4,5,9,1,1,3,2,1,8,11.4,+2
281,Jonas Valanciunas,2016-01-04,23-243,away,TOR,CLE,L (-22),1,26:57,4,8,0,0,0.0,1,3,.333,5,3,8,1,0,2,1,0,9,9.7,-20
282,Jonas Valanciunas,2016-01-06,23-245,away,TOR,BRK,W (+17),1,29:33,8,13,0,0,0.0,6,6,1.000,4,7,11,0,1,2,3,1,22,20.0,+20
283,Jonas Valanciunas,2016-01-08,23-247,away,TOR,WAS,W (+9),1,30:01,1,4,0,0,0.0,5,6,.833,0,3,3,3,1,4,6,4,7,3.4,-1
284,Jonas Valanciunas,2016-01-09,23-248,away,TOR,PHI,W (+13),1,28:52,7,10,0,0,0.0,3,5,.600,3,6,9,2,1,2,1,3,17,17.5,+16
285,Jonas Valanciunas,2016-01-14,23-253,away,TOR,ORL,W (+3),1,30:05,6,11,0,0,0.0,1,3,.333,3,6,9,2,1,3,1,2,13,13.5,-2
286,Jonas Valanciunas,2016-01-18,23-257,home,TOR,BRK,W (+12),1,26:46,3,11,0,0,0.0,0,0,0.0,5,7,12,2,1,1,1,3,6,6.0,0
287,Jonas Valanciunas,2016-01-20,23-259,home,TOR,BOS,W (+6),1,28:46,9,9,0,0,0.0,1,2,.500,2,10,12,1,1,0,1,1,19,20.6,+20
288,Jonas Valanciunas,2016-01-22,23-261,home,TOR,MIA,W (+20),1,26:38,2,7,0,0,0.0,5,6,.833,3,10,13,3,0,3,1,3,9,11.6,+18
289,Jonas Valanciunas,2016-01-24,23-263,home,TOR,LAC,W (+18),1,25:03,8,11,0,0,0.0,4,6,.667,1,7,8,0,0,1,1,5,20,15.2,-6
290,Jonas Valanciunas,2016-01-26,23-265,home,TOR,WAS,W (+17),1,25:35,5,9,0,0,0.0,3,4,.750,3,9,12,0,0,1,4,4,13,8.2,-2
291,Jonas Valanciunas,2016-01-28,23-267,home,TOR,NYK,W (+10),1,28:19,4,16,0,0,0.0,3,3,1.000,8,10,18,0,0,1,0,4,11,9.1,-2
292,Jonas Valanciunas,2016-01-30,23-269,home,TOR,DET,W (+4),1,26:50,2,4,0,0,0.0,4,8,.500,3,6,9,0,0,0,2,3,8,5.1,-10
293,Jonas Valanciunas,2016-02-01,23-271,away,TOR,DEN,L (-19),1,18:58,4,8,0,0,0.0,2,4,.500,4,4,8,0,0,1,1,1,10,8.5,-19
294,Jonas Valanciunas,2016-02-02,23-272,away,TOR,PHO,W (+7),1,19:02,5,8,0,0,0.0,4,5,.800,3,3,6,0,0,0,0,2,14,12.2,-10
295,Jonas Valanciunas,2016-02-04,23-274,away,TOR,POR,W (+7),1,24:44,5,10,0,0,0.0,4,4,1.000,6,5,11,0,0,2,1,2,14,14.3,0
296,Jonas Valanciunas,2016-02-08,23-278,away,TOR,DET,W (+14),1,25:22,7,9,0,0,0.0,1,2,.500,0,8,8,3,3,1,1,3,15,17.1,+13
297,Jonas Valanciunas,2016-02-10,23-280,away,TOR,MIN,L (-5),1,24:16,4,4,0,0,0.0,4,4,1.000,2,5,7,2,1,1,2,3,12,13.6,-10
298,Jonas Valanciunas,2016-02-19,23-289,away,TOR,CHI,L (-10),1,32:30,9,14,0,0,0.0,7,8,.875,6,6,12,1,0,1,2,4,25,22.2,+2
299,Jonas Valanciunas,2016-02-21,23-291,home,TOR,MEM,W (+13),1,31:17,4,7,0,0,0.0,2,2,1.000,3,9,12,1,1,1,1,2,10,12.1,+1
300,Jonas Valanciunas,2016-02-22,23-292,away,TOR,NYK,W (+27),1,25:18,9,14,0,0,0.0,2,2,1.000,1,5,6,0,0,3,2,1,20,15.7,+14
301,Jonas Valanciunas,2016-02-24,23-294,home,TOR,MIN,W (+9),1,19:00,6,11,0,0,0.0,2,2,1.000,4,3,7,1,0,0,2,5,14,9.1,-14
302,Jonas Valanciunas,2016-02-26,23-296,home,TOR,CLE,W (+2),1,28:24,4,5,0,0,0.0,3,4,.750,4,5,9,0,1,0,2,3,11,10.8,+4
303,Jonas Valanciunas,2016-02-28,23-298,away,TOR,DET,L (-13),1,20:30,5,6,0,0,0.0,1,1,1.000,1,4,5,0,1,0,0,4,11,10.1,-27
304,Jonas Valanciunas,2016-03-02,23-301,home,TOR,UTA,W (+10),1,25:15,4,8,0,0,0.0,2,2,1.000,2,6,8,0,0,1,0,3,10,8.7,+6
305,Jonas Valanciunas,2016-03-04,23-303,home,TOR,POR,W (+2),1,26:38,7,8,0,0,0.0,3,6,.500,4,6,10,1,0,1,1,3,17,16.8,+18
306,Jonas Valanciunas,2016-03-06,23-305,home,TOR,HOU,L (-6),1,28:12,5,9,0,0,0.0,2,2,1.000,2,8,10,0,0,3,1,3,12,11.4,-6
307,Jonas Valanciunas,2016-03-08,23-307,home,TOR,BRK,W (+5),1,21:27,4,8,0,0,0.0,2,2,1.000,1,2,3,2,0,0,0,2,10,7.9,-3
308,Jonas Valanciunas,2016-03-10,23-309,home,TOR,ATL,W (+8),1,23:41,3,5,0,0,0.0,4,6,.667,4,6,10,0,0,0,1,3,10,9.3,+1
309,Jonas Valanciunas,2016-03-12,23-311,home,TOR,MIA,W (+8),1,32:25,7,11,0,0,0.0,6,6,1.000,2,8,10,1,0,1,1,3,20,18.1,+5
310,Jonas Valanciunas,2016-03-14,23-313,home,TOR,CHI,L (-2),1,9:35,3,3,0,0,0.0,2,2,1.000,1,1,2,0,0,1,1,0,8,7.8,-2
311,Jonas Valanciunas,2016-03-15,23-314,away,TOR,MIL,W (+18),dnp,dnp,dnp,dnp,dnp,dnp,dnp,dnp,dnp,dnp,dnp,dnp,dnp,dnp,dnp,dnp,dnp,dnp,dnp,dnp,dnp
312,Jonas Valanciunas,2016-03-17,23-316,away,TOR,IND,W (+7),dnp,dnp,dnp,dnp,dnp,dnp,dnp,dnp,dnp,dnp,dnp,dnp,dnp,dnp,dnp,dnp,dnp,dnp,dnp,dnp,dnp
313,Jonas Valanciunas,2016-03-18,23-317,home,TOR,BOS,W (+14),dnp,dnp,dnp,dnp,dnp,dnp,dnp,dnp,dnp,dnp,dnp,dnp,dnp,dnp,dnp,dnp,dnp,dnp,dnp,dnp,dnp
314,Jonas Valanciunas,2016-03-20,23-319,home,TOR,ORL,W (+5),dnp,dnp,dnp,dnp,dnp,dnp,dnp,dnp,dnp,dnp,dnp,dnp,dnp,dnp,dnp,dnp,dnp,dnp,dnp,dnp,dnp
315,Jonas Valanciunas,2016-03-23,23-322,away,TOR,BOS,L (-12),1,20:42,5,10,0,0,0.0,0,1,.000,3,4,7,0,1,2,2,1,10,7.9,0
316,Jonas Valanciunas,2016-03-25,23-324,away,TOR,HOU,L (-3),1,29:51,6,15,0,0,0.0,4,6,.667,8,10,18,2,2,1,0,6,16,17.4,-6
317,Jonas Valanciunas,2016-03-26,23-325,away,TOR,NOP,W (+24),1,26:27,5,8,0,0,0.0,0,0,0.0,1,8,9,1,0,5,1,1,10,12.3,+27
318,Jonas Valanciunas,2016-03-28,23-327,home,TOR,OKC,L (-19),1,26:30,5,13,0,0,0.0,0,0,0.0,3,7,10,0,0,0,0,2,10,6.3,-19
319,Jonas Valanciunas,2016-03-30,23-329,home,TOR,ATL,W (+8),1,30:58,9,13,0,0,0.0,1,2,.500,1,8,9,0,1,1,3,6,19,12.5,+11
320,Jonas Valanciunas,2016-04-01,23-331,away,TOR,MEM,W (+4),1,36:03,1,5,0,0,0.0,9,10,.900,4,10,14,0,3,7,0,2,11,20.4,+18
321,Jonas Valanciunas,2016-04-02,23-332,away,TOR,SAS,L (-7),1,28:43,8,11,0,0,0.0,0,0,0.0,2,4,6,0,0,2,2,2,16,12.7,-8
322,Jonas Valanciunas,2016-04-05,23-335,home,TOR,CHO,W (+6),1,28:23,5,8,0,0,0.0,2,3,.667,2,10,12,0,0,3,3,3,12,10.3,+15
323,Jonas Valanciunas,2016-04-07,23-337,away,TOR,ATL,L (-8),1,21:26,3,6,0,0,0.0,7,8,.875,3,5,8,0,0,1,0,1,13,13.5,-11
324,Jonas Valanciunas,2016-04-08,23-338,home,TOR,IND,W (+13),1,21:23,5,7,0,0,0.0,0,0,0.0,0,4,4,0,0,1,4,3,10,3.8,+4
325,Jonas Valanciunas,2016-04-10,23-340,away,TOR,NYK,W (+4),1,27:51,6,11,0,0,0.0,2,5,.400,2,5,7,2,0,3,1,3,14,11.7,+6
326,Jonas Valanciunas,2016-04-12,23-342,home,TOR,PHI,W (+24),1,17:10,8,16,0,0,0.0,1,1,1.000,6,5,11,0,0,1,1,3,17,13.2,+14
327,Jonas Valanciunas,2016-04-13,23-343,away,TOR,BRK,W (+7),dnp,dnp,dnp,dnp,dnp,dnp,dnp,dnp,dnp,dnp,dnp,dnp,dnp,dnp,dnp,dnp,dnp,dnp,dnp,dnp,dnp
328,Jonas Valanciunas,2016-10-26,24-173,home,TOR,DET,W (+18),1,35:13,10,15,0,0,0.0,12,14,.857,6,5,11,1,0,0,1,4,32,28.5,+22
329,Jonas Valanciunas,2016-10-28,24-175,home,TOR,CLE,L (-3),1,31:00,5,15,0,0,0.0,0,0,0.0,6,11,17,0,0,1,3,2,10,5.9,-11
330,Jonas Valanciunas,2016-10-31,24-178,home,TOR,DEN,W (+3),1,30:36,6,12,0,0,0.0,0,0,0.0,3,6,9,1,0,1,2,4,12,7.7,+6
331,Jonas Valanciunas,2016-11-02,24-180,away,TOR,WAS,W (+10),1,30:37,4,6,0,0,0.0,2,2,1.000,0,7,7,3,0,0,1,5,10,8.6,+1
332,Jonas Valanciunas,2016-11-04,24-182,home,TOR,MIA,W (+9),1,27:56,1,2,0,0,0.0,3,4,.750,2,9,11,0,1,2,2,3,5,6.9,+3
333,Jonas Valanciunas,2016-11-06,24-184,home,TOR,SAC,L (-5),dnp,dnp,dnp,dnp,dnp,dnp,dnp,dnp,dnp,dnp,dnp,dnp,dnp,dnp,dnp,dnp,dnp,dnp,dnp,dnp,dnp
334,Jonas Valanciunas,2016-11-09,24-187,away,TOR,OKC,W (+10),dnp,dnp,dnp,dnp,dnp,dnp,dnp,dnp,dnp,dnp,dnp,dnp,dnp,dnp,dnp,dnp,dnp,dnp,dnp,dnp,dnp
335,Jonas Valanciunas,2016-11-11,24-189,away,TOR,CHO,W (+2),1,20:37,5,8,0,0,0.0,2,2,1.000,2,6,8,0,2,1,0,2,12,13.5,-8
336,Jonas Valanciunas,2016-11-12,24-190,home,TOR,NYK,W (+11),1,22:23,4,8,0,0,0.0,5,6,.833,2,6,8,0,1,1,3,2,13,9.7,+3
337,Jonas Valanciunas,2016-11-15,24-193,away,TOR,CLE,L (-4),1,34:29,5,9,0,0,0.0,4,4,1.000,3,6,9,2,0,0,2,1,14,12.6,-4
338,Jonas Valanciunas,2016-11-16,24-194,home,TOR,GSW,L (-6),1,18:19,6,6,0,0,0.0,0,0,0.0,3,5,8,0,0,0,1,1,12,12.4,-4
339,Jonas Valanciunas,2016-11-18,24-196,away,TOR,DEN,W (+2),1,37:08,6,9,0,0,0.0,3,7,.429,2,7,9,1,0,1,0,4,15,12.8,+4
340,Jonas Valanciunas,2016-11-20,24-198,away,TOR,SAC,L (-3),1,37:08,9,18,0,0,0.0,5,6,.833,7,6,13,2,0,2,1,2,23,21.3,-12
341,Jonas Valanciunas,2016-11-21,24-199,away,TOR,LAC,L (-8),1,29:28,5,8,0,0,0.0,5,5,1.000,2,6,8,1,0,1,0,4,15,14.4,-3
342,Jonas Valanciunas,2016-11-23,24-201,away,TOR,HOU,W (+13),1,30:37,6,10,0,0,0.0,3,4,.750,5,11,16,2,0,1,5,2,15,13.1,+17
343,Jonas Valanciunas,2016-11-25,24-203,away,TOR,MIL,W (+6),1,31:24,6,11,0,0,0.0,0,0,0.0,3,4,7,0,0,0,1,3,12,7.8,+5
344,Jonas Valanciunas,2016-11-28,24-206,home,TOR,PHI,W (+27),1,22:05,6,12,0,0,0.0,0,0,0.0,3,8,11,0,1,2,1,1,12,11.5,+15
345,Jonas Valanciunas,2016-11-30,24-208,home,TOR,MEM,W (+15),1,22:52,3,6,0,0,0.0,0,0,0.0,1,3,4,0,1,1,4,2,6,1.5,-4
346,Jonas Valanciunas,2016-12-02,24-210,home,TOR,LAL,W (+33),1,24:13,2,4,0,0,0.0,2,2,1.000,1,6,7,1,0,1,0,3,6,6.7,+13
347,Jonas Valanciunas,2016-12-03,24-211,home,TOR,ATL,W (+44),1,20:54,1,4,0,0,0.0,0,0,0.0,3,2,5,1,2,0,3,2,2,1.2,+13
348,Jonas Valanciunas,2016-12-05,24-213,home,TOR,CLE,L (-4),1,25:21,1,8,0,0,0.0,2,2,1.000,3,7,10,1,0,0,0,1,4,3.3,-16
349,Jonas Valanciunas,2016-12-08,24-216,home,TOR,MIN,W (+14),1,28:42,9,15,0,0,0.0,2,2,1.000,6,4,10,1,0,1,1,5,20,16.9,+5
350,Jonas Valanciunas,2016-12-09,24-217,away,TOR,BOS,W (+7),1,24:05,3,7,0,0,0.0,0,0,0.0,2,8,10,0,0,0,2,2,6,3.3,-2
351,Jonas Valanciunas,2016-12-12,24-220,home,TOR,MIL,W (+22),1,23:03,4,9,0,0,0.0,3,4,.750,4,8,12,1,0,0,1,3,11,9.6,0
352,Jonas Valanciunas,2016-12-14,24-222,away,TOR,PHI,W (+9),1,34:27,6,11,0,0,0.0,5,5,1.000,4,6,10,1,2,1,3,4,17,15.1,+2
353,Jonas Valanciunas,2016-12-16,24-224,home,TOR,ATL,L (-4),1,25:53,5,5,0,0,0.0,1,2,.500,1,5,6,2,2,0,3,4,11,10.1,+3
354,Jonas Valanciunas,2016-12-18,24-226,away,TOR,ORL,W (+30),1,25:59,8,15,0,0,0.0,0,0,0.0,6,7,13,0,0,1,0,1,16,15.3,+13
355,Jonas Valanciunas,2016-12-20,24-228,home,TOR,BRK,W (+12),1,22:02,3,8,0,0,0.0,4,4,1.000,3,11,14,0,0,1,0,1,10,11.3,+17
356,Jonas Valanciunas,2016-12-23,24-231,away,TOR,UTA,W (+6),1,16:18,5,5,0,0,0.0,4,6,.667,0,7,7,0,1,1,0,4,14,13.9,+8
357,Jonas Valanciunas,2016-12-26,24-234,away,TOR,POR,W (+4),1,27:02,5,13,0,0,0.0,2,2,1.000,3,10,13,1,1,1,0,2,12,11.6,-1
358,Jonas Valanciunas,2016-12-28,24-236,away,TOR,GSW,L (-10),1,21:23,2,5,0,0,0.0,3,3,1.000,2,3,5,0,0,1,0,3,7,6.1,-13
359,Jonas Valanciunas,2016-12-29,24-237,away,TOR,PHO,L (-8),1,19:10,2,4,0,0,0.0,4,4,1.000,3,7,10,0,1,0,3,3,8,7.0,-9
360,Jonas Valanciunas,2017-01-01,24-240,away,TOR,LAL,W (+9),1,30:48,6,7,0,0,0.0,2,2,1.000,1,8,9,0,2,0,3,3,14,12.4,+1
361,Jonas Valanciunas,2017-01-03,24-242,away,TOR,SAS,L (-28),1,22:26,1,5,0,0,0.0,0,0,0.0,1,5,6,0,0,0,1,2,2,-0.7,-20
362,Jonas Valanciunas,2017-01-05,24-244,home,TOR,UTA,W (+8),1,30:45,7,11,0,0,0.0,4,4,1.000,8,5,13,0,0,0,0,3,18,19.0,+7
363,Jonas Valanciunas,2017-01-07,24-246,away,TOR,CHI,L (-5),1,32:53,7,11,0,0,0.0,0,0,0.0,1,6,7,0,0,2,1,5,14,10.0,0
364,Jonas Valanciunas,2017-01-08,24-247,home,TOR,HOU,L (-7),1,22:55,4,4,0,0,0.0,0,0,0.0,0,5,5,0,0,1,1,3,8,6.8,-3
365,Jonas Valanciunas,2017-01-10,24-249,home,TOR,BOS,W (+8),1,27:45,6,18,0,0,0.0,6,6,1.000,11,12,23,0,0,2,3,4,18,15.9,+17
366,Jonas Valanciunas,2017-01-13,24-252,home,TOR,BRK,W (+19),1,24:46,4,9,0,0,0.0,6,6,1.000,3,7,10,1,1,1,0,2,14,15.1,+5
367,Jonas Valanciunas,2017-01-15,24-254,home,TOR,NYK,W (+15),1,27:31,6,11,0,0,0.0,0,0,0.0,5,11,16,1,0,0,2,3,12,11.0,+20
368,Jonas Valanciunas,2017-01-17,24-256,away,TOR,BRK,W (+10),1,29:19,3,7,0,0,0.0,1,2,.500,1,9,10,0,1,0,2,3,7,4.1,+1
369,Jonas Valanciunas,2017-01-18,24-257,away,TOR,PHI,L (-5),1,30:14,5,11,0,0,0.0,0,0,0.0,5,10,15,1,0,0,0,3,10,10.3,+1
370,Jonas Valanciunas,2017-01-20,24-259,away,TOR,CHO,L (-35),1,25:12,5,8,0,0,0.0,1,1,1.000,3,3,6,1,1,1,2,3,11,9.6,-10
371,Jonas Valanciunas,2017-01-22,24-261,home,TOR,PHO,L (-12),1,31:14,6,10,0,0,0.0,4,5,.800,4,8,12,2,1,3,1,3,16,18.5,-1
372,Jonas Valanciunas,2017-01-24,24-263,home,TOR,SAS,L (-2),1,28:57,2,7,0,0,0.0,5,6,.833,3,10,13,2,1,2,4,5,9,7.4,-2
373,Jonas Valanciunas,2017-01-25,24-264,away,TOR,MEM,L (-2),1,25:35,2,3,0,0,0.0,2,2,1.000,2,10,12,1,0,1,3,5,6,5.5,+3
374,Jonas Valanciunas,2017-01-27,24-266,home,TOR,MIL,W (+16),1,24:14,4,10,0,0,0.0,0,0,0.0,1,10,11,1,1,2,2,1,8,7.0,+19
375,Jonas Valanciunas,2017-01-29,24-268,home,TOR,ORL,L (-1),1,27:43,4,6,0,0,0.0,4,5,.800,1,8,9,3,0,0,1,2,12,12.4,+2
376,Jonas Valanciunas,2017-01-31,24-270,home,TOR,NOP,W (+2),1,32:21,9,17,0,0,0.0,2,2,1.000,5,7,12,0,0,0,0,5,20,15.3,+2
377,Jonas Valanciunas,2017-02-01,24-271,away,TOR,BOS,L (-5),1,11:47,1,1,0,0,0.0,1,2,.500,0,3,3,1,0,1,2,4,3,1.0,-10
378,Jonas Valanciunas,2017-02-03,24-273,away,TOR,ORL,L (-8),1,34:40,7,17,0,0,0.0,4,6,.667,2,9,11,1,1,1,0,1,18,14.2,-8
379,Jonas Valanciunas,2017-02-05,24-275,away,TOR,BRK,W (+8),1,25:40,9,17,0,0,0.0,4,4,1.000,0,5,5,0,1,0,2,4,22,12.6,+13
380,Jonas Valanciunas,2017-02-06,24-276,home,TOR,LAC,W (+9),1,31:50,9,13,0,0,0.0,3,4,.750,3,9,12,2,0,1,1,1,21,20.6,+2
381,Jonas Valanciunas,2017-02-08,24-278,away,TOR,MIN,L (-3),1,26:05,7,7,0,0,0.0,2,2,1.000,1,4,5,1,0,0,0,2,16,15.7,+4
382,Jonas Valanciunas,2017-02-12,24-282,home,TOR,DET,L (-1),1,33:59,7,14,0,0,0.0,3,4,.750,2,7,9,0,0,0,1,3,17,10.9,+10
383,Jonas Valanciunas,2017-02-14,24-284,away,TOR,CHI,L (-11),1,21:30,6,11,0,0,0.0,0,0,0.0,5,4,9,0,0,0,1,2,12,9.6,-14
384,Jonas Valanciunas,2017-02-15,24-285,home,TOR,CHO,W (+5),1,20:21,4,6,0,0,0.0,2,2,1.000,1,9,10,1,1,0,2,1,10,10.1,-5
385,Jonas Valanciunas,2017-02-24,24-294,home,TOR,BOS,W (+10),1,17:48,3,4,0,0,0.0,1,3,.333,3,3,6,0,0,1,0,1,7,7.9,+5
386,Jonas Valanciunas,2017-02-26,24-296,home,TOR,POR,W (+6),1,22:12,7,8,0,0,0.0,1,2,.500,2,5,7,1,0,0,1,2,15,13.6,+6
387,Jonas Valanciunas,2017-02-27,24-297,away,TOR,NYK,W (+1),1,18:46,4,4,0,0,0.0,2,2,1.000,1,4,5,0,1,1,3,4,10,7.8,-7
388,Jonas Valanciunas,2017-03-01,24-299,home,TOR,WAS,L (-9),1,21:04,3,12,0,0,0.0,1,1,1.000,7,4,11,1,0,0,1,2,7,4.8,-15
389,Jonas Valanciunas,2017-03-03,24-301,away,TOR,WAS,W (+8),1,12:56,1,2,0,0,0.0,0,0,0.0,1,2,3,0,0,1,2,3,2,-0.2,-19
390,Jonas Valanciunas,2017-03-04,24-302,away,TOR,MIL,L (-7),1,21:11,5,5,0,0,0.0,3,4,.750,0,7,7,1,0,0,2,3,13,10.7,+5
391,Jonas Valanciunas,2017-03-08,24-306,away,TOR,NOP,W (+7),1,33:32,9,13,0,0,0.0,7,11,.636,3,9,12,2,0,1,2,4,25,21.2,+7
392,Jonas Valanciunas,2017-03-10,24-308,away,TOR,ATL,L (-6),1,30:04,5,12,0,0,0.0,1,1,1.000,4,8,12,1,2,2,1,4,11,11.3,0
393,Jonas Valanciunas,2017-03-11,24-309,away,TOR,MIA,L (-15),1,20:59,5,6,0,0,0.0,0,0,0.0,4,6,10,0,0,0,1,2,10,10.6,-18
394,Jonas Valanciunas,2017-03-13,24-311,home,TOR,DAL,W (+22),1,22:50,5,11,0,0,0.0,4,5,.800,3,9,12,2,0,1,1,1,14,13.4,+1
395,Jonas Valanciunas,2017-03-16,24-314,home,TOR,OKC,L (-21),1,16:48,3,7,0,0,0.0,1,1,1.000,2,3,5,0,0,2,1,3,7,4.8,-12
396,Jonas Valanciunas,2017-03-17,24-315,away,TOR,DET,W (+12),1,24:19,5,7,0,0,0.0,0,0,0.0,2,6,8,0,1,1,1,2,10,10.2,+6
397,Jonas Valanciunas,2017-03-19,24-317,home,TOR,IND,W (+25),1,23:43,4,8,0,0,0.0,3,4,.750,6,7,13,0,0,1,0,3,11,12.4,+9
398,Jonas Valanciunas,2017-03-21,24-319,home,TOR,CHI,W (+2),1,24:30,4,6,0,0,0.0,0,0,0.0,1,4,5,0,0,0,2,3,8,4.1,-7
399,Jonas Valanciunas,2017-03-23,24-321,away,TOR,MIA,W (+17),1,20:35,0,2,0,0,0.0,2,4,.500,0,8,8,0,0,2,3,5,2,-1.4,-8
400,Jonas Valanciunas,2017-03-25,24-323,away,TOR,DAL,W (+8),1,22:05,4,9,0,0,0.0,1,1,1.000,3,3,6,1,1,0,0,2,9,8.2,-2
401,Jonas Valanciunas,2017-03-27,24-325,home,TOR,ORL,W (+19),1,26:59,7,9,0,0,0.0,3,4,.750,1,8,9,0,0,1,0,2,17,16.1,+21
402,Jonas Valanciunas,2017-03-29,24-327,home,TOR,CHO,L (-4),1,28:48,5,6,0,0,0.0,4,4,1.000,4,11,15,0,1,3,0,2,14,20.2,+10
403,Jonas Valanciunas,2017-03-31,24-329,home,TOR,IND,W (+11),1,28:26,5,9,0,0,0.0,6,9,.667,4,13,17,1,1,2,2,2,16,17.5,+13
404,Jonas Valanciunas,2017-04-02,24-331,home,TOR,PHI,W (+8),1,27:35,7,9,0,0,0.0,0,0,0.0,3,5,8,1,2,1,1,1,14,16.1,+12
405,Jonas Valanciunas,2017-04-04,24-333,away,TOR,IND,L (-18),1,28:04,4,6,0,0,0.0,2,2,1.000,1,9,10,2,0,1,1,3,10,10.7,-3
406,Jonas Valanciunas,2017-04-05,24-334,away,TOR,DET,W (+3),1,26:36,9,11,0,0,0.0,1,2,.500,2,3,5,2,0,0,1,4,19,15.6,+2
407,Jonas Valanciunas,2017-04-07,24-336,home,TOR,MIA,W (+2),1,29:54,4,9,0,1,.000,1,2,.500,3,7,10,0,0,2,0,3,9,8.3,+2
408,Jonas Valanciunas,2017-04-09,24-338,away,TOR,NYK,W (+13),1,19:43,3,8,0,0,0.0,0,0,0.0,3,4,7,0,1,0,1,1,6,4.5,-12
409,Jonas Valanciunas,2017-04-12,24-341,away,TOR,CLE,W (+15),1,15:25,6,10,1,1,1.000,0,0,0.0,3,4,7,1,1,0,1,1,13,12.0,+15
410,Jonas Valanciunas,2017-10-19,25-166,home,TOR,CHI,W (+17),1,30:30,9,17,0,1,.000,5,6,.833,8,7,15,2,2,0,1,4,23,22.8,-2
411,Jonas Valanciunas,2017-10-21,25-168,home,TOR,PHI,W (+34),1,15:00,2,4,0,0,0.0,1,2,.500,0,4,4,0,0,0,0,2,5,3.0,-4
412,Jonas Valanciunas,2017-10-23,25-170,away,TOR,SAS,L (-4),dnp,dnp,dnp,dnp,dnp,dnp,dnp,dnp,dnp,dnp,dnp,dnp,dnp,dnp,dnp,dnp,dnp,dnp,dnp,dnp,dnp
413,Jonas Valanciunas,2017-10-25,25-172,away,TOR,GSW,L (-5),dnp,dnp,dnp,dnp,dnp,dnp,dnp,dnp,dnp,dnp,dnp,dnp,dnp,dnp,dnp,dnp,dnp,dnp,dnp,dnp,dnp
414,Jonas Valanciunas,2017-10-27,25-174,away,TOR,LAL,W (+9),dnp,dnp,dnp,dnp,dnp,dnp,dnp,dnp,dnp,dnp,dnp,dnp,dnp,dnp,dnp,dnp,dnp,dnp,dnp,dnp,dnp
415,Jonas Valanciunas,2017-10-30,25-177,away,TOR,POR,W (+14),dnp,dnp,dnp,dnp,dnp,dnp,dnp,dnp,dnp,dnp,dnp,dnp,dnp,dnp,dnp,dnp,dnp,dnp,dnp,dnp,dnp
416,Jonas Valanciunas,2017-11-01,25-179,away,TOR,DEN,L (-18),1,13:55,4,4,0,0,0.0,0,0,0.0,2,3,5,0,0,0,0,3,8,7.9,-7
417,Jonas Valanciunas,2017-11-03,25-181,away,TOR,UTA,W (+9),1,20:48,2,5,0,0,0.0,2,2,1.000,0,8,8,0,1,2,1,6,6,4.7,+9
418,Jonas Valanciunas,2017-11-05,25-183,home,TOR,WAS,L (-11),1,18:53,3,4,0,0,0.0,0,0,0.0,1,2,3,0,0,0,2,5,6,1.7,-16
419,Jonas Valanciunas,2017-11-07,25-185,home,TOR,CHI,W (+5),1,24:02,6,7,1,1,1.000,8,10,.800,1,9,10,0,0,0,2,2,21,18.3,+9
420,Jonas Valanciunas,2017-11-09,25-187,home,TOR,NOP,W (+4),1,27:22,3,9,0,0,0.0,1,2,.500,1,12,13,2,1,0,0,4,7,6.6,+10
421,Jonas Valanciunas,2017-11-12,25-190,away,TOR,BOS,L (-1),1,18:29,3,4,0,1,.000,0,0,0.0,0,3,3,0,0,0,1,3,6,3.1,-6
422,Jonas Valanciunas,2017-11-14,25-192,away,TOR,HOU,W (+16),1,16:48,5,9,0,0,0.0,2,2,1.000,3,4,7,1,0,0,2,2,12,8.9,0
423,Jonas Valanciunas,2017-11-15,25-193,away,TOR,NOP,W (+9),1,28:53,6,8,0,0,0.0,9,9,1.000,1,5,6,2,0,1,5,4,21,15.5,+1
424,Jonas Valanciunas,2017-11-17,25-195,home,TOR,NYK,W (+23),1,19:21,2,6,0,0,0.0,0,0,0.0,0,5,5,1,0,1,1,0,4,2.5,+6
425,Jonas Valanciunas,2017-11-19,25-197,home,TOR,WAS,W (+9),1,16:46,2,7,0,0,0.0,0,0,0.0,2,5,7,1,0,2,0,1,4,4.5,-5
426,Jonas Valanciunas,2017-11-22,25-200,away,TOR,NYK,L (-8),1,17:32,4,8,0,0,0.0,0,0,0.0,3,3,6,1,0,3,3,2,8,6.0,-5
427,Jonas Valanciunas,2017-11-24,25-202,away,TOR,IND,L (-3),1,13:38,2,4,0,0,0.0,2,2,1.000,2,3,5,0,0,0,3,2,6,2.5,-20
428,Jonas Valanciunas,2017-11-25,25-203,away,TOR,ATL,W (+34),1,19:58,7,9,0,1,.000,2,2,1.000,4,4,8,2,0,0,4,2,16,13.1,+10
429,Jonas Valanciunas,2017-11-29,25-207,home,TOR,CHO,W (+13),1,22:26,6,12,0,1,.000,0,0,0.0,6,1,7,0,0,0,1,5,12,7.5,+7
430,Jonas Valanciunas,2017-12-01,25-209,home,TOR,IND,W (+5),1,21:06,6,11,0,0,0.0,1,1,1.000,3,4,7,1,0,1,1,2,13,10.6,+5
431,Jonas Valanciunas,2017-12-05,25-213,home,TOR,PHO,W (+13),1,18:29,0,5,0,0,0.0,4,4,1.000,3,5,8,0,2,0,2,1,4,3.7,+8
432,Jonas Valanciunas,2017-12-08,25-216,away,TOR,MEM,W (+9),1,18:19,3,5,0,0,0.0,2,2,1.000,4,4,8,0,0,1,0,3,8,9.2,+8
433,Jonas Valanciunas,2017-12-10,25-218,away,TOR,SAC,W (+15),1,22:03,3,3,1,1,1.000,2,2,1.000,1,7,8,0,1,0,3,1,9,8.5,+17
434,Jonas Valanciunas,2017-12-11,25-219,away,TOR,LAC,L (-5),1,27:44,8,10,1,1,1.000,6,6,1.000,1,14,15,0,0,0,0,3,23,22.9,+3
435,Jonas Valanciunas,2017-12-13,25-221,away,TOR,PHO,W (+6),1,30:28,7,12,1,1,1.000,5,8,.625,0,11,11,0,1,0,1,4,20,14.9,+16
436,Jonas Valanciunas,2017-12-15,25-223,home,TOR,BRK,W (+33),1,21:42,7,11,0,1,.000,0,0,0.0,0,5,5,0,0,2,1,0,14,11.0,+33
437,Jonas Valanciunas,2017-12-17,25-225,home,TOR,SAC,W (+15),1,27:26,3,10,0,1,.000,7,8,.875,7,8,15,2,0,3,1,1,13,16.2,+4
438,Jonas Valanciunas,2017-12-20,25-228,away,TOR,CHO,W (+18),1,15:39,2,6,0,1,.000,0,0,0.0,1,6,7,0,2,1,0,4,4,4.2,+14
439,Jonas Valanciunas,2017-12-21,25-229,away,TOR,PHI,W (+5),1,15:43,1,6,0,0,0.0,0,0,0.0,2,3,5,1,0,0,0,0,2,1.2,-12
440,Jonas Valanciunas,2017-12-23,25-231,home,TOR,PHI,W (+16),1,23:43,4,7,0,0,0.0,4,5,.800,2,4,6,1,0,0,2,3,12,8.4,0
441,Jonas Valanciunas,2017-12-26,25-234,away,TOR,DAL,L (-5),1,24:56,5,11,0,0,0.0,7,9,.778,4,7,11,1,1,0,1,5,17,14.1,+7
442,Jonas Valanciunas,2017-12-27,25-235,away,TOR,OKC,L (-17),1,20:22,7,9,0,1,.000,2,2,1.000,1,1,2,0,0,1,1,3,16,12.0,-28
443,Jonas Valanciunas,2017-12-29,25-237,home,TOR,ATL,W (+13),1,21:39,5,12,1,2,.500,2,2,1.000,6,5,11,0,1,2,2,4,13,11.1,+5
444,Jonas Valanciunas,2018-01-01,25-240,home,TOR,MIL,W (+4),1,16:18,2,3,0,0,0.0,2,2,1.000,0,5,5,0,0,0,1,1,6,4.8,+7
445,Jonas Valanciunas,2018-01-03,25-242,away,TOR,CHI,W (+9),1,18:02,0,2,0,0,0.0,0,0,0.0,0,4,4,0,0,1,2,2,0,-2.3,-8
446,Jonas Valanciunas,2018-01-05,25-244,away,TOR,MIL,W (+19),1,17:26,8,9,0,0,0.0,4,5,.800,3,10,13,1,0,1,0,2,20,22.2,+26
447,Jonas Valanciunas,2018-01-08,25-247,away,TOR,BRK,W (+1),1,26:19,9,15,1,2,.500,2,4,.500,1,12,13,1,0,1,1,3,21,16.8,-2
448,Jonas Valanciunas,2018-01-09,25-248,home,TOR,MIA,L (-1),1,20:48,4,8,0,1,.000,0,0,0.0,1,2,3,0,0,2,0,1,8,6.3,+1
449,Jonas Valanciunas,2018-01-11,25-250,home,TOR,CLE,W (+34),1,18:38,6,9,0,1,.000,3,4,.750,6,12,18,1,0,0,3,4,15,14.6,+7
450,Jonas Valanciunas,2018-01-13,25-252,home,TOR,GSW,L (-2),1,26:17,3,8,0,0,0.0,6,6,1.000,3,6,9,3,0,0,3,0,12,10.6,+3
451,Jonas Valanciunas,2018-01-15,25-254,away,TOR,PHI,L (-6),1,13:59,4,5,0,0,0.0,0,0,0.0,0,5,5,1,0,0,2,3,8,5.1,-14
452,Jonas Valanciunas,2018-01-17,25-256,home,TOR,DET,W (+5),1,27:28,5,12,1,2,.500,6,6,1.000,2,14,16,3,0,1,4,4,17,13.4,+3
453,Jonas Valanciunas,2018-01-19,25-258,home,TOR,SAS,W (+3),1,30:01,7,10,1,1,1.000,0,0,0.0,4,7,11,0,1,0,3,4,15,12.1,+3
454,Jonas Valanciunas,2018-01-20,25-259,away,TOR,MIN,L (-6),1,11:26,0,1,0,0,0.0,0,0,0.0,0,3,3,1,0,0,1,4,0,-1.7,+1
455,Jonas Valanciunas,2018-01-24,25-263,away,TOR,ATL,W (+15),1,24:06,7,14,0,1,.000,2,3,.667,4,9,13,3,1,3,1,3,16,17.1,+19
456,Jonas Valanciunas,2018-01-26,25-265,home,TOR,UTA,L (-4),1,27:18,12,16,2,2,1.000,2,2,1.000,5,9,14,2,1,4,1,5,28,30.0,+4
457,Jonas Valanciunas,2018-01-28,25-267,home,TOR,LAL,W (+12),1,23:57,6,9,1,1,1.000,0,0,0.0,3,7,10,2,0,0,2,3,13,11.5,+7
458,Jonas Valanciunas,2018-01-30,25-269,home,TOR,MIN,W (+5),1,28:37,8,12,0,1,.000,2,2,1.000,3,8,11,1,1,0,1,1,18,17.6,+14
459,Jonas Valanciunas,2018-02-01,25-271,away,TOR,WAS,L (-3),1,29:12,7,8,2,2,1.000,1,2,.500,1,5,6,3,0,0,2,3,17,14.9,+3
460,Jonas Valanciunas,2018-02-02,25-272,home,TOR,POR,W (+25),1,24:10,7,15,2,4,.500,2,2,1.000,4,4,8,2,0,1,1,3,18,14.2,+11
461,Jonas Valanciunas,2018-02-04,25-274,home,TOR,MEM,W (+15),1,24:27,5,8,1,2,.500,1,2,.500,2,7,9,3,0,1,1,2,12,12.5,-11
462,Jonas Valanciunas,2018-02-06,25-276,home,TOR,BOS,W (+20),1,20:39,1,8,0,2,.000,0,0,0.0,1,6,7,1,1,1,1,3,2,-0.5,+11
463,Jonas Valanciunas,2018-02-08,25-278,home,TOR,NYK,W (+25),1,24:19,7,12,2,3,.667,2,4,.500,6,4,10,2,2,1,1,2,18,19.3,+7
464,Jonas Valanciunas,2018-02-11,25-281,away,TOR,CHO,W (+20),1,23:53,9,14,2,2,1.000,1,4,.250,1,8,9,2,1,1,0,2,21,19.0,+9
465,Jonas Valanciunas,2018-02-13,25-283,home,TOR,MIA,W (+3),1,30:08,2,4,0,0,0.0,2,2,1.000,1,9,10,1,1,1,2,2,6,7.0,-1
466,Jonas Valanciunas,2018-02-14,25-284,away,TOR,CHI,W (+24),1,23:16,7,9,0,1,.000,0,0,0.0,1,8,9,1,0,2,2,2,14,12.9,+12
467,Jonas Valanciunas,2018-02-23,25-293,home,TOR,MIL,L (-3),1,31:11,5,7,0,0,0.0,0,0,0.0,2,6,8,3,0,0,1,3,10,10.2,-3
468,Jonas Valanciunas,2018-02-26,25-296,home,TOR,DET,W (+29),1,22:00,1,6,0,2,.000,0,0,0.0,1,4,5,1,1,1,2,1,2,0.1,+14
469,Jonas Valanciunas,2018-02-28,25-298,away,TOR,ORL,W (+13),1,19:35,4,6,1,2,.500,1,2,.500,0,5,5,1,0,1,2,3,10,6.7,0
470,Jonas Valanciunas,2018-03-02,25-300,away,TOR,WAS,W (+7),1,18:33,5,6,1,1,1.000,1,4,.250,2,2,4,0,0,0,2,3,12,7.4,-11
471,Jonas Valanciunas,2018-03-04,25-302,home,TOR,CHO,W (+5),1,29:38,8,15,2,3,.667,0,0,0.0,4,9,13,0,1,2,4,2,18,13.8,+9
472,Jonas Valanciunas,2018-03-06,25-304,home,TOR,ATL,W (+16),1,25:58,4,11,0,2,.000,7,8,.875,2,5,7,2,0,2,2,2,15,11.4,-4
473,Jonas Valanciunas,2018-03-07,25-305,away,TOR,DET,W (+2),1,31:28,6,14,1,4,.250,1,1,1.000,3,8,11,3,2,3,2,1,14,14.9,-1
474,Jonas Valanciunas,2018-03-09,25-307,home,TOR,HOU,W (+3),1,27:53,5,8,0,0,0.0,4,4,1.000,4,6,10,3,2,1,3,4,14,15.2,+7
475,Jonas Valanciunas,2018-03-11,25-309,away,TOR,NYK,W (+26),1,22:03,4,6,0,0,0.0,9,10,.900,2,7,9,2,0,0,1,2,17,17.1,+1
476,Jonas Valanciunas,2018-03-13,25-311,away,TOR,BRK,W (+14),1,26:41,12,20,0,1,.000,2,5,.400,4,10,14,1,0,1,1,1,26,21.4,+5
477,Jonas Valanciunas,2018-03-15,25-313,away,TOR,IND,W (+7),1,27:20,5,13,1,1,1.000,5,5,1.000,8,10,18,2,0,4,1,2,16,19.9,+6
478,Jonas Valanciunas,2018-03-16,25-314,home,TOR,DAL,W (+7),1,22:59,7,9,0,0,0.0,7,8,.875,4,8,12,1,0,1,1,3,21,21.5,+5
479,Jonas Valanciunas,2018-03-18,25-316,home,TOR,OKC,L (-7),1,21:50,5,7,0,0,0.0,0,0,0.0,1,1,2,2,0,0,3,5,10,4.5,-12
480,Jonas Valanciunas,2018-03-20,25-318,away,TOR,ORL,W (+7),1,19:22,4,8,0,2,.000,1,4,.250,1,7,8,2,1,1,1,1,9,8.3,-6
481,Jonas Valanciunas,2018-03-21,25-319,away,TOR,CLE,L (-3),1,20:11,6,6,1,1,1.000,2,3,.667,2,6,8,2,0,1,1,1,15,16.7,+6
482,Jonas Valanciunas,2018-03-23,25-321,home,TOR,BRK,W (+4),1,21:18,8,14,1,4,.250,6,6,1.000,2,6,8,0,0,0,3,4,23,15.0,-1
483,Jonas Valanciunas,2018-03-25,25-323,home,TOR,LAC,L (-11),1,20:28,7,11,1,1,1.000,1,1,1.000,2,8,10,1,1,1,1,4,16,14.7,+9
484,Jonas Valanciunas,2018-03-27,25-325,home,TOR,DEN,W (+4),1,22:33,6,10,0,1,.000,3,4,.750,1,6,7,0,0,4,2,2,15,12.5,+1
485,Jonas Valanciunas,2018-03-31,25-329,away,TOR,BOS,L (-11),1,25:20,6,12,0,1,.000,1,2,.500,5,6,11,0,0,1,0,1,13,12.2,-3
486,Jonas Valanciunas,2018-04-03,25-332,away,TOR,CLE,L (-6),1,22:29,8,15,0,1,.000,1,1,1.000,4,6,10,1,0,0,1,0,17,14.0,-10
487,Jonas Valanciunas,2018-04-04,25-333,home,TOR,BOS,W (+18),1,13:28,2,8,0,2,.000,0,0,0.0,3,2,5,0,0,0,1,2,4,0.1,-1
488,Jonas Valanciunas,2018-04-06,25-335,home,TOR,IND,W (+19),1,21:37,3,7,0,0,0.0,2,3,.667,2,10,12,0,0,1,1,2,8,7.2,+16
489,Jonas Valanciunas,2018-04-08,25-337,home,TOR,ORL,W (+11),dnp,dnp,dnp,dnp,dnp,dnp,dnp,dnp,dnp,dnp,dnp,dnp,dnp,dnp,dnp,dnp,dnp,dnp,dnp,dnp,dnp
490,Jonas Valanciunas,2018-04-09,25-338,away,TOR,DET,W (+10),1,25:03,11,13,1,1,1.000,2,2,1.000,3,6,9,0,0,0,1,2,25,22.4,+21
491,Jonas Valanciunas,2018-04-11,25-340,away,TOR,MIA,L (-7),1,23:52,5,9,0,2,.000,2,2,1.000,0,7,7,2,0,3,2,1,12,10.9,0
492,Jonas Valanciunas,2018-10-17,26-164,home,TOR,CLE,W (+12),1,20:24,3,8,0,2,.000,0,0,0.0,2,10,12,3,0,0,0,2,6,7.3,+13
493,Jonas Valanciunas,2018-10-19,26-166,home,TOR,BOS,W (+12),0,14:28,1,3,0,0,0.0,2,2,1.000,1,4,5,0,0,0,2,4,4,0.6,-4
494,Jonas Valanciunas,2018-10-20,26-167,away,TOR,WAS,W (+4),1,18:50,5,8,0,0,0.0,6,7,.857,2,5,7,1,0,1,1,4,16,13.7,+5
495,Jonas Valanciunas,2018-10-22,26-169,home,TOR,CHO,W (+21),0,19:42,7,8,0,0,0.0,3,4,.750,2,8,10,2,2,2,0,2,17,21.6,+6
496,Jonas Valanciunas,2018-10-24,26-171,home,TOR,MIN,W (+7),0,20:02,7,11,2,3,.667,0,0,0.0,5,4,9,2,0,0,1,3,16,15.0,+4
497,Jonas Valanciunas,2018-10-26,26-173,home,TOR,DAL,W (+9),1,22:02,7,16,0,1,.000,3,4,.750,5,3,8,1,1,0,1,4,17,11.7,+12
498,Jonas Valanciunas,2018-10-29,26-176,away,TOR,MIL,L (-15),0,12:55,3,10,0,1,.000,4,4,1.000,2,1,3,0,1,0,0,1,10,6.5,-21
499,Jonas Valanciunas,2018-10-30,26-177,home,TOR,PHI,W (+17),0,17:08,8,14,1,3,.333,6,6,1.000,1,3,4,1,0,2,3,4,23,15.5,+1
500,Jonas Valanciunas,2018-11-02,26-180,away,TOR,PHO,W (+9),1,24:25,7,10,1,2,.500,1,2,.500,1,6,7,1,1,4,2,6,16,14.0,+3
501,Jonas Valanciunas,2018-11-04,26-182,away,TOR,LAL,W (+14),0,17:04,5,9,0,1,.000,4,4,1.000,0,8,8,1,2,1,0,3,14,14.3,-16
502,Jonas Valanciunas,2018-11-05,26-183,away,TOR,UTA,W (+13),1,21:36,4,10,1,2,.500,2,2,1.000,0,6,6,0,1,2,1,1,11,8.4,+9
503,Jonas Valanciunas,2018-11-07,26-185,away,TOR,SAC,W (+9),0,19:46,4,7,0,0,0.0,3,4,.750,2,8,10,1,0,1,1,3,11,10.3,+4
504,Jonas Valanciunas,2018-11-10,26-188,home,TOR,NYK,W (+16),0,20:47,6,8,1,1,1.000,6,10,.600,3,7,10,1,1,1,1,3,19,18.6,+18
505,Jonas Valanciunas,2018-11-12,26-190,home,TOR,NOP,L (-16),0,14:53,0,3,0,1,.000,2,2,1.000,1,6,7,2,0,1,2,2,2,1.7,-5
506,Jonas Valanciunas,2018-11-14,26-192,home,TOR,DET,L (-2),1,26:57,6,12,0,1,.000,2,2,1.000,2,4,6,0,0,1,3,4,14,6.7,+5
507,Jonas Valanciunas,2018-11-16,26-194,away,TOR,BOS,L (-7),0,19:04,5,8,0,0,0.0,1,1,1.000,3,2,5,1,0,1,2,1,11,9.1,-13
508,Jonas Valanciunas,2018-11-17,26-195,away,TOR,CHI,W (+39),0,13:58,4,6,0,1,.000,0,0,0.0,1,8,9,1,0,0,1,2,8,7.4,+14
509,Jonas Valanciunas,2018-11-20,26-198,away,TOR,ORL,W (+2),0,20:36,4,8,0,2,.000,0,0,0.0,0,6,6,0,2,0,3,4,8,3.2,+3
510,Jonas Valanciunas,2018-11-21,26-199,away,TOR,ATL,W (+16),1,26:43,9,12,1,2,.500,5,8,.625,3,10,13,2,0,1,2,2,24,22.4,+21
511,Jonas Valanciunas,2018-11-23,26-201,home,TOR,WAS,W (+18),1,18:14,3,7,0,0,0.0,2,2,1.000,4,3,7,3,0,0,3,2,8,6.3,-4
512,Jonas Valanciunas,2018-11-25,26-203,home,TOR,MIA,W (+10),1,24:14,8,10,0,0,0.0,1,1,1.000,2,8,10,2,0,0,1,2,17,16.6,+24
513,Jonas Valanciunas,2018-11-27,26-205,away,TOR,MEM,W (+8),0,14:27,3,3,1,1,1.000,2,2,1.000,1,2,3,2,0,1,3,2,9,7.7,-5
514,Jonas Valanciunas,2018-11-29,26-207,home,TOR,GSW,W (+3),0,15:46,4,5,0,0,0.0,4,4,1.000,0,4,4,0,0,1,1,2,12,10.2,-13
515,Jonas Valanciunas,2018-12-01,26-209,away,TOR,CLE,W (+11),0,18:17,2,5,0,1,.000,1,2,.500,1,3,4,0,0,1,2,4,5,0.6,-9
516,Jonas Valanciunas,2018-12-03,26-211,home,TOR,DEN,L (-3),0,18:20,3,6,0,0,0.0,2,2,1.000,1,9,10,0,0,1,1,5,8,6.1,0
517,Jonas Valanciunas,2018-12-05,26-213,home,TOR,PHI,W (+11),0,18:00,9,13,0,1,.000,8,9,.889,1,7,8,2,0,0,0,3,26,23.1,+14
518,Jonas Valanciunas,2018-12-07,26-215,away,TOR,BRK,L (-1),1,26:19,10,15,0,2,.000,4,6,.667,2,6,8,0,0,1,0,3,24,19.4,+5
519,Jonas Valanciunas,2018-12-09,26-217,home,TOR,MIL,L (-5),0,13:00,2,8,0,0,0.0,2,2,1.000,3,2,5,0,0,0,2,3,6,0.7,-9
520,Jonas Valanciunas,2018-12-11,26-219,away,TOR,LAC,W (+24),0,18:25,7,12,1,2,.500,1,2,.500,2,3,5,0,2,0,0,1,16,13.9,+6
521,Jonas Valanciunas,2018-12-12,26-220,away,TOR,GSW,W (+20),0,7:51,3,4,0,0,0.0,0,0,0.0,1,6,7,0,0,0,0,0,6,6.9,+2
522,Jonas Valanciunas,2018-12-14,26-222,away,TOR,POR,L (-6),dnp,dnp,dnp,dnp,dnp,dnp,dnp,dnp,dnp,dnp,dnp,dnp,dnp,dnp,dnp,dnp,dnp,dnp,dnp,dnp,dnp
523,Jonas Valanciunas,2018-12-16,26-224,away,TOR,DEN,L (-9),dnp,dnp,dnp,dnp,dnp,dnp,dnp,dnp,dnp,dnp,dnp,dnp,dnp,dnp,dnp,dnp,dnp,dnp,dnp,dnp,dnp
524,Jonas Valanciunas,2018-12-19,26-227,home,TOR,IND,W (+3),dnp,dnp,dnp,dnp,dnp,dnp,dnp,dnp,dnp,dnp,dnp,dnp,dnp,dnp,dnp,dnp,dnp,dnp,dnp,dnp,dnp
525,Jonas Valanciunas,2018-12-21,26-229,home,TOR,CLE,W (+16),dnp,dnp,dnp,dnp,dnp,dnp,dnp,dnp,dnp,dnp,dnp,dnp,dnp,dnp,dnp,dnp,dnp,dnp,dnp,dnp,dnp
526,Jonas Valanciunas,2018-12-22,26-230,away,TOR,PHI,L (-25),dnp,dnp,dnp,dnp,dnp,dnp,dnp,dnp,dnp,dnp,dnp,dnp,dnp,dnp,dnp,dnp,dnp,dnp,dnp,dnp,dnp
527,Jonas Valanciunas,2018-12-26,26-234,away,TOR,MIA,W (+2),dnp,dnp,dnp,dnp,dnp,dnp,dnp,dnp,dnp,dnp,dnp,dnp,dnp,dnp,dnp,dnp,dnp,dnp,dnp,dnp,dnp
528,Jonas Valanciunas,2018-12-28,26-236,away,TOR,ORL,L (-29),dnp,dnp,dnp,dnp,dnp,dnp,dnp,dnp,dnp,dnp,dnp,dnp,dnp,dnp,dnp,dnp,dnp,dnp,dnp,dnp,dnp
529,Jonas Valanciunas,2018-12-30,26-238,home,TOR,CHI,W (+6),dnp,dnp,dnp,dnp,dnp,dnp,dnp,dnp,dnp,dnp,dnp,dnp,dnp,dnp,dnp,dnp,dnp,dnp,dnp,dnp,dnp
530,Jonas Valanciunas,2019-01-01,26-240,home,TOR,UTA,W (+6),dnp,dnp,dnp,dnp,dnp,dnp,dnp,dnp,dnp,dnp,dnp,dnp,dnp,dnp,dnp,dnp,dnp,dnp,dnp,dnp,dnp
531,Jonas Valanciunas,2019-01-03,26-242,away,TOR,SAS,L (-18),dnp,dnp,dnp,dnp,dnp,dnp,dnp,dnp,dnp,dnp,dnp,dnp,dnp,dnp,dnp,dnp,dnp,dnp,dnp,dnp,dnp
532,Jonas Valanciunas,2019-01-05,26-244,away,TOR,MIL,W (+7),dnp,dnp,dnp,dnp,dnp,dnp,dnp,dnp,dnp,dnp,dnp,dnp,dnp,dnp,dnp,dnp,dnp,dnp,dnp,dnp,dnp
533,Jonas Valanciunas,2019-01-06,26-245,home,TOR,IND,W (+16),dnp,dnp,dnp,dnp,dnp,dnp,dnp,dnp,dnp,dnp,dnp,dnp,dnp,dnp,dnp,dnp,dnp,dnp,dnp,dnp,dnp
534,Jonas Valanciunas,2019-01-08,26-247,home,TOR,ATL,W (+3),dnp,dnp,dnp,dnp,dnp,dnp,dnp,dnp,dnp,dnp,dnp,dnp,dnp,dnp,dnp,dnp,dnp,dnp,dnp,dnp,dnp
535,Jonas Valanciunas,2019-01-11,26-250,home,TOR,BRK,W (+17),dnp,dnp,dnp,dnp,dnp,dnp,dnp,dnp,dnp,dnp,dnp,dnp,dnp,dnp,dnp,dnp,dnp,dnp,dnp,dnp,dnp
